Palabra Original,Cambio,Ocurrencias
Bilingüismo,{'nutricio'},3
eucarióticas,{'eucarísticas'},2
Parkinson,{'carismática'},2
Quimioreceptores,{'alpaca-bearing'},1
Carbohidratos,{'Hidrosilicatos'},1
misisipiana,{'captación'},1
Nefrología,{'Necrología'},1
Gondwana,{'Angiospermas'},1
lésbicos,{'unidimensional'},1
Cuádricas,{'Cuadráticas'},1
Superautopista,{'Supera utopista'},1
Arizona,{'Atizona'},3
Bhakti,{'Bhakti'},1
Dialectología,{'reacción'},1
Secularización,{'Regularización'},2
Acapulco,{'Acapullo'},2
Musicólogos,{'Amarás'},1
Potlatch,{'Paleo antropología'},1
Mool,{'Molo'},1
Pérez,{'Xoxocotlán'},1
Ernesto,{'Estertor'},1
Periódo,{'Periodo'},1
Kedah,{'Erala'},1
Historiografía,{'Historio grafía'},9
Juventino,{'Osé'},1
Purísima,{'Agregarte'},1
Exfoliación,{'Expoliación'},1
Cortines,{'Fortines'},1
X,{'A'},4
yutoaztecas,{'oto mangues'},1
XVIII,{'XVIII'},20
Asertividad,{'Percepción'},1
Adivasis,{'agregativas'},1
Mixteco,{'ala'},2
rulers,{'rules'},1
minangkabaues,{'Micro biología'},1
Melusine,{'Ay'},1
antisísmico,{'anti sísmico'},1
Estóicos,{'Estoicos'},1
autolesiva,{'auto lesiva'},1
Pames,{'Ames'},1
Futbol,{'Kong'},1
Lexicología,{'Zapo teca'},1
Liquefacción,{'Calefacción'},1
iPod,{'pido'},1
indonesa,{'indonesia'},1
Ornitología,{'Mitología'},1
ligandos,{'ligando'},1
Mexico,{'México'},2
Nankín,{'Fukushima'},1
men,{'nen'},1
Postimpresionismo,{'Impresionismo'},1
XXI,{'anti monopolio'},3
Apache,{'Apecha'},1
Avila,{'Avilar'},1
Lokaiata,{'Guetos'},1
Bioclimatología,{'Abancala miento'},1
Zero,{'Ero'},1
Rivas,{'Divas'},1
Crimea,{'Primea'},2
yoruba,{'Osuna'},1
conditions,{'Economice'},1
Beluchi,{'Kong'},1
Yoga,{'Soga'},3
Acrilamida,{'Acribillada'},1
Chichonal,{'Auto crítica'},1
conservacionistas,{'intervencionistas'},1
Medea,{'Sedea'},2
Modularidad,{'Modulador'},1
Choferes,{'Camella'},1
Jongo,{'Congo'},1
halófilos,{'haló filos'},1
Videograbadoras,{'Video grabadoras'},1
Popocatépetl,{'Montarlo'},1
Acarbosa,{'Carbonosa'},1
Paiute,{'Paute'},1
sudasiática,{'sud asiática'},1
Intersubjetividad,{'Re forestación'},1
Iztacalco,{'re alimentación'},1
neozelandeses,{'Iberoamericanos'},1
multiples,{'PI'},1
Iconoclasia,{'Iconoclasta'},2
Iztapalapa,{'Palataliza'},1
HTML,{'Líticos'},1
nootrópicos,{'alotrópicos'},1
neurolingüística,{'extralingüística'},1
Danzón,{'Danzó'},1
MPLS,{'folclore'},1
catódicos,{'católicos'},2
Ignacio,{'Ignaciano'},1
dismórfico,{'Radio astronomía'},1
sumerio,{'sumario'},1
carbamoiltransferasa,{'Video grabadoras'},1
Neuropsicología,{'conducto'},2
Annales,{'Anales'},1
Jalisco,{'Falisco'},9
algebráica,{'Antropología'},2
pali,{'pila'},1
extramatrimoniales,{'extra matrimoniales'},1
Matacos,{'Patacos'},1
Lieu,{'Catite'},1
Metamatemáticas,{'Meta matemáticas'},1
Celaya,{'Celara'},1
Samurái,{'A'},1
Bessel,{'Beles'},1
Magnificat,{'Magníficat'},1
Oftalmomicosis,{'Oftalmológicos'},1
Titanic,{'Titanio'},1
Cordados,{'Bordados'},1
PRECIS,{'PRECIA'},1
Zulu,{'Oque'},1
Zapoteca,{'Zapo teca'},1
Metrología,{'Meteorología'},1
Tlatelolco,{'pos-exilio'},2
Azande,{'Apande'},1
inmunosupresores,{'Energética'},1
bipersonales,{'unipersonales'},1
Deísmo,{'Seísmo'},1
Korfbal,{'Video arte'},1
Chayanta,{'Cha yanta'},1
intergubernamental,{'gubernamental'},1
XII,{'Perritos'},2
asiriobabilónica,{'asirio babilónica'},1
Quiches,{'Quichés'},1
nucleótidos,{'Neo paganismo'},1
Booch,{'Bocho'},1
Neurolingüística,{'Extralingüística'},1
Tlaxcala,{'Yauhquemecan'},10
Museografía,{'Museo grafía'},1
Yaxchilán,{'Varsoviana'},1
Rumania,{'Rumanía'},2
péptidos,{'Interjecciones'},2
Akashicos,{'aterosclerosis'},1
bioactivos,{'radioactivos'},1
Galatea,{'Galantea'},1
Andalucía,{'Anda lucía'},1
NET,{'TEN'},2
dBASE,{'d Base'},1
Acatlán,{'Catalán'},2
Geomagnetismo,{'Electromagnetismo'},1
Metacognición,{'Meta cognición'},2
Immanencia,{'Inmanencia'},1
Esparta,{'Espata'},1
Concentration,{'Concentraron'},1
Astromineralogía,{'Astro mineralogía'},1
Ndebele,{'Debele'},1
Swing,{'Fisiología'},1
CA-Clipper,{'CA-Clipperton'},1
geneticamente,{'genéricamente'},1
otomíes,{'oto míes'},4
Analfabetas,{'Analfabeta'},1
tipológico,{'tipo lógico'},1
computacionales,{'comunicacionales'},2
Punanos,{'Punamos'},1
sucesional,{'procesional'},1
Estecho,{'Estrecho'},1
Rifeño,{'Rife ño'},1
ADN,{'DAN'},2
Berawan,{'Berraran'},1
Lípidos,{'Límpidos'},1
iranís,{'ir anís'},2
postcoito,{'Crono fotografía'},1
Tulantepec,{'Petulante'},1
Odontopediatría,{'Micro química'},1
Totolac,{'Lactato'},1
homiléticas,{'Fidos'},1
Boy,{'Soy'},1
Teleconmutación,{'Tele conmutación'},1
supersónica,{'Ukiyoe'},1
melanogaster,{'Genealogistas'},2
Maji,{'Mali'},2
Transexualismo,{'pos parto'},1
Ardenas,{'Ordenas'},1
Reality,{'Realito'},1
and,{'ad'},4
Cardiografía,{'Cardiograma'},1
Happening,{'Gaza'},1
algebráicas,{'cedo'},1
Inmunoglobulinas,{'NS-DOS'},1
Germoplasma,{'Carteles'},1
Areas,{'Áreas'},4
Medicago,{'Medicado'},1
clusters,{'Retozas'},1
Mesopotamia,{'Siena'},2
genome,{'engome'},1
Tzotziles,{'Tobago'},2
cardiología,{'Radio isotopos'},1
jurisprudence,{'jurisprudente'},1
Construccionismo,{'Obstruccionismo'},1
Isabel,{'Isabela'},1
Lásers,{'Láser'},2
Estigmatización,{'Estigmatizan'},1
III-VI,{'Par'},1
Microirrigación,{'Encristales'},1
Etnoarqueología,{'XVII'},1
Xochiatipan,{'Acapullo'},2
pages,{'pegas'},1
objetuales,{'Durando'},1
country,{'Anastasia'},1
tántrico,{'tártrico'},2
lípidas,{'límpidas'},1
Geocronometría,{'Cronometraría'},1
Dadaismo,{'Adamismo'},2
kekchíes,{'Des industrialización'},1
Reutilización,{'Re utilización'},1
Almoloya,{'Colman'},1
Nezahualcoyótl,{'Nezahualcoyótl'},1
Devaluación,{'Evaluación'},1
Apoptosis,{'ultra cortos'},1
c,{'ca'},2
Motul,{'Motil'},1
Maxcanú,{'Oxkutzcab'},1
Entomólogos,{'Élite'},1
Figueroa,{'Xoxocotlán'},1
Highlands,{'Yawuru'},1
Ornitina,{'Video grabadoras'},1
Tokio,{'Torio'},1
Extranets,{'OC'},1
Cromatografía,{'Cromolitografía'},1
Atlixco,{'Porfirizo'},1
José,{'Osé'},3
Carbaniones,{'Carburaciones'},1
Perceptrones,{'Percepciones'},1
Women,{'Comen'},2
Farmacólogos,{'radioactivos'},1
funtores,{'Orfo'},1
periodontales,{'Encristales'},1
Zoros,{'Oros'},1
Diáspora,{'Hache mitas'},4
Psicodiagnóstico,{'gros si'},1
XV,{'mogolas'},2
JavaScript,{'Cabinas'},1
cardenista,{'decadentista'},1
Homópteros,{'organizarles'},1
Cienciólogos,{'Homología'},1
salmonella,{'salmonera'},1
language,{'programa'},1
Trigonometría,{'Cronometraría'},4
elegiaca,{'Petroleoquímicos'},3
Mencheviques,{'institucionalmente'},1
testamentar,{'testa mentar'},1
Inuit,{'policíacos'},1
Pachuca,{'Machuca'},2
Nilo,{'Rilo'},1
Fotones,{'Motones'},1
Xochipilli,{'jadeo-españoles'},2
Borna,{'Orna'},1
Anestesiología,{'Paleo ecología'},1
Zarumilla,{'Humillarla'},1
hídrica,{'Ay-Sachs'},1
Deal,{'Real'},1
Performance,{'Permanecer'},1
Teosofía,{'Teoso fía'},1
Aymarás,{'Amarás'},1
afroestadounidense,{'Anfetaminas'},1
localmente,{'locamente'},1
Logos,{'Dogos'},2
communication,{'comunicativo'},1
Rivadavia,{'Cholla'},1
DIALOG,{'DIALOGA'},1
LOGO,{'LIGO'},1
Abhidharma,{'Marimacho'},1
Esfinges,{'Es finges'},1
inalámbricos,{'gros si'},1
Tultepec,{'Texcocano'},1
Pentecostés,{'Auditas'},1
Esquizofrénicos,{'Esquizofrenias'},2
Golem,{'Golea'},1
folklórico,{'folclórico'},2
Bibliografía,{'Biografía'},20
Lisboa,{'Kikapús'},1
Parafilias,{'Par afilias'},1
Magnetohidrodinámica,{'Micro química'},1
Therav,{'Babilónica'},1
Putla,{'Puta'},1
Capulhuac,{'Catalán'},1
Iturbide,{'Salva tierra'},1
Arcaismos,{'Arcaísmos'},1
Deforestación,{'De forestación'},2
océanicas,{'isotónica'},1
Madhyamaka,{'Madhyamaka'},1
evaporíticas,{'Dentirrostros'},1
Nitrificación,{'Tecnificación'},1
FORTRAN,{'FORRAN'},1
Therapeutic,{'Parapsicología'},1
Noé,{'Toé'},1
Cuicateco,{'Cochinamente'},1
transpacíficas,{'Biografía'},1
Grafólogos,{'Terminología'},1
Cienciología,{'Chauvinismo'},2
Xochicoatlán,{'Acapullo'},1
Cavite,{'Catite'},1
benefactivas,{'Animalidad'},1
cuicatecos,{'Suave'},1
evaluativas,{'evacuativas'},1
Ocosingo,{'Moruro'},1
nanoestructurados,{'reestructurados'},1
Mixtecos,{'Esturado'},1
Franquismo,{'Etología'},2
policíclicos,{'policíacos'},1
yiddish,{'yiddish'},1
Tarimoro,{'Osé'},1
Seminola,{'Semigola'},1
Fox,{'Fo'},1
Pandora,{'Pandorga'},2
Colofones,{'Colones'},1
mozárabe,{'Des colonización'},2
VIH,{'VI'},2
iónicos,{'irónicos'},1
Numerología,{'tercias'},2
Psicopatología,{'Parapsicología'},2
Peloponeso,{'Peloponesio'},2
FoxPro,{'Neutros'},1
Teleología,{'Teología'},1
Etnohistoria,{'Protohistoria'},1
transcultural,{'contracultura'},1
Morgan,{'Gorman'},1
Emiratos,{'Emigratorios'},3
Estratificación,{'Estratifican'},1
Sudoriental,{'Sudorienta'},1
Juárez,{'Acapullo'},6
Teleseries,{'Tele series'},1
Mendel,{'Tendel'},1
Apraxia,{'séptica'},1
Telecommunication,{'Auto inmunidad'},1
Tula,{'Aula'},1
Tacna-Arica,{'Taca-Arica'},1
náhuatl,{'XI'},2
Calpulalpan,{'Espita'},1
Composicionalidad,{'literatura'},1
covarianza,{'Canadienses'},1
videograbaciones,{'video grabaciones'},1
II,{'IR'},2
cuplimiento,{'cumplimiento'},1
músculoesquelético,{'músculo esquelético'},1
poliquístico,{'haló filos'},1
Vaisnavismo,{'hispano estadounidense'},1
Pompeya,{'Pompea'},1
Agrobiodiversidad,{'Chicano'},1
Lorentz,{'Mnemotecnia'},1
Clíticos,{'Líticos'},2
extinguidores,{'extinguido res'},1
conductual,{'conducto'},1
Escatología,{'Contrarrestara'},2
paramétrica,{'para métrica'},2
Taquiquininas,{'Quinaquinas'},1
Edipo,{'Edito'},2
Petroglifos,{'Pan hispanismo'},1
Amoníaco,{'Amoniaco'},1
Autoría,{'Autora'},8
Estructuralismo,{'Simetría'},2
camps,{'campa'},1
Mozárabes,{'mogolas'},1
cerebrovascular,{'cerebro vascular'},1
Popolocas,{'Popo locas'},1
Oaxaca,{'Moleros'},10
Modus,{'Mudos'},1
Panafricanismo,{'Causa'},1
Guarijíos,{'Reestreno'},1
Craneometría,{'Cronometraría'},1
holística,{'ciclística'},1
Calderon,{'Calderón'},1
Orbita,{'Órbita'},1
Candomblé,{'Electrónica'},1
multivariable,{'Odontología'},2
egea,{'tegea'},1
jerarquización,{'jerarquizan'},1
aid,{'ad'},1
Girl,{'Gil'},1
XML,{'Líticos'},1
etnomusicología,{'Energética'},1
López,{'Fortines'},2
Paleografía,{'Paleo grafía'},6
Hamilton-Jacobi,{'Helamiento-Jacobi'},1
Agrosilvicultura,{'Agro silvicultura'},1
Tianjin,{'nutricio'},1
Intencionalidad,{'Intencionadamente'},1
N,{'A'},2
Pansofía,{'Aspersorios'},1
Arabes,{'Árabes'},7
bilingüe,{'Éxodo'},2
Ubuntu,{'huevas'},1
Everest,{'Revestir'},1
Xhosa,{'Saltareles'},1
Abaco,{'Ábaco'},1
Bactria,{'Bacteria'},1
Fotointerpretación,{'Foto interpretación'},1
mixteca,{'cartográfica'},2
Espectrometría,{'Macro moléculas'},1
biogeoquímicos,{'bioquímicos'},1
millerita,{'militarista'},1
Microestructura,{'Micro estructura'},2
autoayuda,{'auto ayuda'},1
temporomaxilar,{'abióticas'},1
reggae,{'regare'},1
Criminólogos,{'Endocrinólogos'},1
Numismática,{'Carismática'},5
Napalm,{'Debele'},1
Cuadriplégicos,{'Cuadriplico'},1
termiónicos,{'Macro moléculas'},1
preferenciales,{'preferencia les'},2
Phillips,{'Lingüística'},1
Armamentismo,{'Armamentista'},2
Alutor,{'Autor'},1
orozquista,{'felicita'},1
Guettos,{'Guetos'},1
Ukiyoe,{'Ukiyoe'},1
Discografía,{'Disco grafía'},1
Fluídica,{'Malle'},1
Urano,{'Rano'},1
MARC,{'MAR'},1
Grafología,{'Morfología'},1
Dagan,{'Cagan'},1
Gimnospermas,{'Angiospermas'},1
Andrógenos,{'Hidrógenos'},1
Acustoóptica,{'Lame'},1
champiñones,{'Quinaquinas'},1
Fotónica,{'Fo tónica'},1
indización,{'indicación'},1
Hipertensión,{'Archas'},1
Estríperes,{'Diaspro'},1
Inmunoquímica,{'Osciló grafos'},1
Multidifusión,{'folclore'},1
Coeducación,{'Educación'},1
Africa,{'África'},28
Biblioteconomía,{'Beduinas'},7
Salamanca,{'Sala manca'},1
mexicanoamericana,{'mexicano americana'},1
policiaca,{'amenorare'},4
Vacunación,{'Valuación'},1
Calorímetros,{'Caloríferos'},1
petroquímica,{'petroleoquímica'},1
Serendipia,{'Aprendiesen'},2
indo-iraní,{'indo-irían'},1
Estuardo,{'Esturado'},1
Peki,{'salmonera'},1
alcídicas,{'alicaídas'},1
Etnometodología,{'Coyolxauhqui'},1
catalogación,{'Chapalea'},2
Salvatierra,{'Salva tierra'},1
Abasidas,{'Abatidas'},1
Xiang,{'Tara humara'},1
LDAP,{'TEN'},1
Acambay,{'Cambray'},1
Autoconstrucción,{'Auto construcción'},1
intergeneracionales,{'generacionales'},1
Globalización,{'Localización'},3
Hip-hop,{'Paleo indios'},1
Yakan,{'Yagan'},1
Huimilpan,{'Palpan'},1
Optica,{'Óptica'},3
argénticos,{'auto dirigidos'},1
CAD,{'CA'},1
hispanoestadounidenses,{'hispano estadounidenses'},11
order,{'morder'},1
vitae,{'vitar'},1
diesel,{'diésel'},2
Agave,{'Agrave'},1
Sijs,{'Alabara'},1
chiapanecas,{'chicanearas'},1
bibliografías,{'bibliográficas'},1
Cauca,{'Auca'},2
Ashanti,{'Absentismo'},1
Perl,{'Perú'},1
helenística,{'Socio biología'},2
neuropsicológicas,{'neurológicas'},1
Rinzai,{'Brinza'},3
Mapotecas,{'Apotegmas'},1
chinantecas,{'chinan tecas'},1
delahuertista,{'convencionalismo'},2
UML,{'PI'},1
religious,{'religioso'},1
Casuística,{'Casticista'},1
Ecfrasis,{'Debele'},1
asintóticas,{'asintomáticas'},1
Forest,{'Foresta'},1
fundamentalism,{'fundamentalmente'},1
Metabolista,{'Metabolismo'},1
Aspergillus,{'Asperillas'},1
Guanajuato,{'Aba solo'},32
Drosofila,{'Genealogistas'},2
Popoluca,{'Popo locas'},1
Antroposofía,{'Predominancia'},2
Serigrafía,{'Epigrafía'},1
Histosoles,{'Historiales'},1
Hanh,{'Han'},1
Rastafaris,{'Agraristas'},1
Dermatología,{'electro químico'},6
Manierismo,{'Germanismo'},1
Electroquímica,{'Electro química'},2
Suajili,{'Magreares'},1
Anorgasmia,{'Erasmiano'},1
isotópica,{'isotónica'},1
Cerdeña,{'Árbol'},7
ergódica,{'LISO'},1
Bandoneón,{'Bando neón'},1
Pederastía,{'Pederastia'},1
Bentonita,{'Benita'},1
protón,{'portón'},1
Sociometría,{'Odontología'},1
Categorización,{'Caracterización'},1
Espectroscopía,{'Espectroscopia'},5
iraní,{'irían'},1
Microtécnica,{'Micro técnica'},1
Tzeltales,{'Saltareles'},1
reubicación,{'re ubicación'},1
Colorimetría,{'auto morfas'},1
Epidemiología,{'Auto construcción'},1
Degustación,{'De gustación'},1
Presocráticos,{'Cochinamente'},1
Fullerenos,{'Fullerescos'},1
Riddles,{'Chitas'},1
ortogonalización,{'racionalización'},1
Autorradiografía,{'Autor radiografía'},1
Nanotecnología,{'Biotecnología'},1
neutrones,{'neutros'},1
Nigerianos,{'Nigeria nos'},2
Hindús,{'Hindú'},1
Autocontrol,{'Auto control'},1
Modems,{'Especialización'},1
Porfirio,{'Porfirizo'},1
Inaco,{'Naco'},1
Fay,{'Ay'},1
puertorriqueña,{'Auto construcción'},2
Dunkirki,{'Dunkirki'},1
Trek,{'Treo'},1
Gramaticalización,{'Racionalización'},1
Janeiro,{'Emancipa'},3
bayesiana,{'anti monopolio'},1
Menarquía,{'Monarquía'},1
Medium,{'Minga'},1
retriever,{'entrever'},1
Curriculum,{'Rifarrafa'},1
helenístico,{'comen'},1
Asceticismo,{'Ascetismo'},1
Marginación,{'África'},4
Coroneo,{'Corone'},1
Waka,{'Ji tomates'},1
Kiowas,{'Ali'},1
Subdeclaración,{'Supranacional'},1
Heteroscedasticidad,{'Exterioridades'},1
Constantino,{'Constan tino'},1
obstétrica,{'Polisacáridos'},2
Pastiche,{'Jadeo-español'},1
Galeana,{'Galena'},1
Neuropsicofarmacología,{'abióticas'},1
Self-employed,{'Self-employed'},1
migrantes,{'emigrantes'},1
villista,{'vil lista'},1
Radiogalaxias,{'Radio galaxias'},1
Supervisión,{'Supervisan'},2
Teleauditorio,{'Tele auditorio'},1
Orfeo,{'Orfo'},1
automorfas,{'auto morfas'},1
puertorriqueño,{'ALGO'},1
Arqueoastronomía,{'Arqueo astronomía'},1
Kung,{'Kong'},1
Atacama,{'Atacara'},1
Otavalo,{'Pamplina'},1
Huautla,{'Moleros'},1
burgdorferi,{'Micro estructura'},1
Tarandacuao,{'Osé'},2
nigerianos,{'wagnerianos'},1
sebáceas,{'Calman'},1
Orestes,{'Restes'},1
Tepic,{'Durando'},1
Hindutva,{'Tonal'},1
Satira,{'Sátira'},1
Nudibranquios,{'Lintel'},1
Coscomatepec,{'Vera cruz-Llave'},1
Placodermos,{'Acoderamos'},1
Micropaleontología,{'Malle'},1
Tsushima,{'Tsushima'},1
Juli,{'Julo'},1
superpesados,{'superados'},1
Osmosis,{'Ósmosis'},1
law,{'la'},1
Interaccionismo,{'Intervencionismo'},1
Xicohtzinco,{'Xicohtzinco'},1
Especiación,{'Especialización'},1
Pitagorismo,{'salmonera'},1
Neuroendocrinología,{'Neuroendocrino'},1
Gauss,{'USO'},1
obregonista,{'convencionalismo'},1
Cristalografía,{'Cristalográfica'},4
Palinología,{'Paleo botánica'},1
Zapotlán,{'Acapullo'},1
Sepoy,{'cartográfica'},1
Córcega,{'Auditas'},1
Densitometría,{'Cambia'},1
Huaylas,{'Gaza'},1
Commonwealth,{'Non linear'},1
urogenital,{'uro genital'},3
Autenticación,{'Autentican'},1
contrastiva,{'contractiva'},1
Interfases,{'Internases'},1
Constructivismo,{'Constructivo'},4
Atapascos,{'Atascos'},1
Pehuenches,{'MAR'},1
Náhuatl,{'Legislaturas'},1
Himalaya,{'Oros'},1
Siempreverdes,{'Siempre verdes'},1
Mam,{'Man'},1
Antón,{'Anón'},1
autoinmunes,{'auto inmunes'},1
durkheimiana,{'Helamiento-Jacobi'},1
Caesalpinia,{'Siempre verdes'},1
Yezidis,{'Malacia'},1
hidalguense,{'ahidalgase'},1
Ewé,{'Erasmiano'},2
Fotomontaje,{'Foto montaje'},1
Baader-Meinhof,{'Baderna-Meinhof'},1
transgénicas,{'jerarquizan'},1
Xoxocotlán,{'Xoxocotlán'},1
Soccer,{'Socorrer'},1
Beisbolistas,{'Simbolistas'},1
Sedentarización,{'Mali'},1
close-up,{'coles-up'},1
Waqf,{'Astucias'},1
Indoarios,{'Indo arios'},1
Alaska,{'Alas ka'},2
Inmunoinformática,{'Útero'},1
Bivalvia,{'Bivalva'},1
Pachacamac,{'Machacar'},1
Reforestación,{'Re forestación'},2
homológica,{'Video grabadoras'},1
Biomoléculas,{'Radio galaxias'},1
Palm,{'Pal'},1
Iconocidad,{'Conocida'},1
cambiarias,{'cambiarías'},1
Pamplona,{'Pamplina'},1
Interceptación,{'Interpretación'},1
Arabé-Israelí,{'Árabe-Israelí'},1
Mesoamérica,{'Meso américa'},1
Atizipán,{'Nezahualcoyótl'},1
algebráicos,{'Cuadriplico'},1
Democratización,{'Democratizan'},1
posparto,{'pos parto'},1
Bororós,{'Boros'},1
Tlaxcoapan,{'Acapullo'},1
Tutoría,{'Tutora'},2
Escandinavia,{'Escandinava'},1
Borland,{'Borrando'},1
Biculturalismo,{'Tsushima'},2
Onas,{'Unas'},1
Intranets,{'OC'},1
Beagle,{'Rife ño'},1
Silabación,{'Ablación'},1
Locus,{'Locas'},1
Portland,{'Lame'},1
Ixiles,{'institucionalmente'},1
Edafología,{'Dominando'},1
Ebola,{'Bola'},1
Biosíntesis,{'Fotosíntesis'},1
hondureños,{'Tarquín'},2
transdérmica,{'Rayar'},1
neural,{'neutral'},2
Tarahumara,{'Tara humara'},1
Senegaleses,{'Senegal eses'},1
Yucatán,{'Vallado lid'},9
Extraterritorialidad,{'Extra territorialidad'},1
Xipe,{'Pipe'},2
Brahman,{'Braman'},1
Puertorriqueños,{'Erasmiano'},1
Yaquis,{'Raquis'},1
Antihéroes,{'Anti héroes'},1
Lofts,{'Rijo'},1
Excel,{'Malle'},1
cromosómico,{'microscópico'},1
Mezcal,{'Mezcla'},1
Maravatío,{'Osé'},1
Macintosh,{'TEN'},1
niger,{'rigen'},1
Francmasones,{'Francmasonerías'},1
Transubstanciación,{'Transustanciación'},1
Lógiva,{'Amoratas'},1
Taoismo,{'Pirronismo'},2
interbibliotecario,{'Documentales'},1
Nahualismo,{'Nacionalismo'},3
Pearl,{'Peral'},1
Wolof,{'Wirikuta'},1
Japonésamericanos,{'Japonés americanos'},1
Planeacion,{'Pion'},1
terapeútica,{'Parapsicología'},1
antisegregación,{'anti segregación'},1
Economic,{'Economice'},1
Sinólogos,{'Monólogos'},1
Lexicografía,{'Historio grafía'},1
Quetzalcóatl,{'amenorare'},1
Fotogrametría,{'Fotografiaría'},1
Judges,{'neo gótica'},1
CompuServe,{'Compusiere'},1
estereoscópica,{'estereoscopio'},1
Psicometría,{'Gestual'},1
Shelby,{'Espata'},1
Carcinogénesis,{'Carburaciones'},1
Cocainomanía,{'Tipógrafos'},1
Tepetlixpa,{'Tepetlixpa'},1
Piapoco,{'Pi apoco'},1
neurales,{'neutrales'},2
Oluteco,{'ir anís'},1
noctis,{'primea'},1
literartura,{'literatura'},1
Checoslovaquia,{'Checoslovaco'},9
Autorregresión,{'Autor regresión'},1
Calvillo,{'Clavillo'},1
Coreógrafos,{'Coreó grafos'},1
Foraminíferos,{'Malle'},1
Girondinos,{'Dirigiéndonos'},1
Termotecnia,{'Mnemotecnia'},1
Samurai,{'Electrónica'},1
Golden,{'Rolden'},1
approach,{'Tema'},1
Toxicomanía,{'Toxico manía'},1
Pentatlón,{'Remo delación'},1
Hidrografía,{'Cronometraría'},2
componencial,{'Mate'},1
Altamira,{'Altamisa'},1
Miguel,{'Migue'},2
Taquifrafía,{'Taquigrafía'},1
Moctezuma,{'Causa'},1
Diglosia,{'Soga'},1
Kapalikas,{'Acalla'},1
queer,{'querer'},2
Etnofarmacología,{'pegas'},1
neogótica,{'neo gótica'},1
sistémica,{'Amoratas'},2
Lyme,{'Lame'},1
demócratacristianos,{'demócrata cristianos'},1
Raousset,{'Corazones'},1
Geiseres,{'corolarios'},1
Crucis,{'Cruces'},1
Ayotzinapa,{'Mali'},1
New,{'Ne'},1
variacionales,{'vacacionales'},1
futbol,{'Abolicionistas'},2
Tulipmanía,{'Especialización'},1
gestáltica,{'asirio babilónica'},1
Exempla,{'Luso-Priscilianistas'},1
Morfosintaxis,{'Morfo sintaxis'},1
Pentecostistas,{'Repentistas'},1
Ontogenia,{'Concrescencias'},1
Ada,{'Da'},1
Dominancia,{'Predominancia'},2
Ecoetiquetado,{'Eco etiquetado'},1
Charadriiformes,{'Caradriformes'},1
aldólica,{'Video grabadoras'},1
Sobrecargos,{'Sobrecargo'},1
Lateralidad,{'Literalidad'},1
Avant-garde,{'PI'},2
Miraflores,{'Mira flores'},1
Déficits,{'Déficit'},1
Dafne,{'Adamismo'},2
Pichincha,{'Pi chincha'},1
afroasiática,{'zapo tecas'},1
antiimperialistas,{'anti imperialistas'},1
Asian,{'Asían'},1
Gerontólogos,{'Foresta'},1
Codependencia,{'Drogodependencia'},1
Geofísica,{'Calman'},2
Winnebago,{'Tara humara'},2
Chiapas,{'Chispas'},11
Normalización,{'Nacionalización'},1
Perfeccionismo,{'Perfeccionador'},1
Anoxia,{'Anoria'},1
Peleolítico,{'Paleolítico'},1
Balcanes,{'Bancales'},2
Quezaltenango,{'cañar'},1
2a,{'a'},1
Nappatecuhtli,{'Nappatecuhtli'},2
Comunitarismo,{'Comunitario'},1
Malverde,{'Malverse'},1
Maple,{'Malle'},1
avícola,{'Remo delación'},1
Gini,{'Gin'},1
Dewey,{'AX'},2
Filologia,{'Filología'},1
carbohidratos,{'hidrosilicatos'},1
Lumbosacro,{'Lumbo sacro'},1
Yuit,{'O'},1
Acido,{'Ácido'},3
Chapala,{'Chapalea'},1
huichol,{'Radio galaxias'},3
Orbitas,{'Órbitas'},1
Amuzgo,{'Para texto'},1
Overweight,{'Overweight'},1
Tagmémica,{'Punamos'},1
observations,{'observatorios'},1
Shuar,{'Seminales'},1
Oryctolagus,{'Oryctolagus'},1
soccer,{'socorrer'},1
Literary,{'Literaria'},1
Ifa,{'Fa'},1
cuniculus,{'Oryctolagus'},1
Tengu,{'Tenga'},1
Astriónica,{'Astricción'},1
luba,{'bula'},1
cardiacas,{'ego'},2
Negatividad,{'Dogos'},1
Habeas,{'Rabeas'},1
antinarcóticos,{'anti narcóticos'},1
Qu,{'U'},1
anódica,{'sinódica'},1
Psicobiología,{'d Base'},3
Pimas,{'Rimas'},1
aymara,{'amara'},2
Amoritas,{'Amoratas'},1
Infibulación,{'Tribulación'},1
Performanceros,{'gamo'},1
Ixtaczoquitlán,{'Vera cruz-Llave'},1
Paramitas,{'Para mitas'},1
Nayarit,{'Tejo cote'},2
African,{'Frican'},2
Polisíntesis,{'In fijos'},1
Chicomecóatl,{'jadeo-españoles'},2
antiesclavistas,{'anti esclavistas'},1
sinotibetanas,{'sino tibetanas'},1
Bibliografías,{'Bibliográficas'},5
molesters,{'molestes'},1
Sarasvati,{'Trasvasar'},2
Astrofotometría,{'Malle'},1
Chamula,{'Chamulla'},1
Carbonarios,{'Carbonatos'},1
hardware,{'organizarles'},1
Lerma,{'Merma'},1
rección,{'reacción'},1
Yafar,{'Gafar'},1
Astrofísica,{'Astro física'},4
Mitlancihuátl,{'Mitlancihuátl'},2
Gaddang,{'Jangada'},1
Hipólita,{'Hipó lita'},1
biomédica,{'gerencia'},1
Autoincriminación,{'Autodeterminación'},1
protectorales,{'protectora les'},1
Conexionismo,{'Anexionismo'},1
Etnólogos,{'Espata'},1
Yogis,{'Logis'},1
Yautepec,{'Cubano estadounidenses'},1
homeopáticas,{'pos parto'},1
Computer,{'Compute'},1
Luso-Brasilianistas,{'Luso-Priscilianistas'},1
bibliotecología,{'biotecnología'},1
Cañaris,{'Cañares'},1
method,{'Cientificismo'},1
Jerusalén,{'Socio biología'},1
Antoinistas,{'Antagonistas'},1
Fibonacci,{'neo gótica'},1
Aspersores,{'Aspersorios'},2
Edadismo,{'Sadismo'},1
guan,{'gua'},1
metanfetaminas,{'anfetaminas'},1
Mérida,{'Maridé'},1
Mexicaltzingo,{'Nezahualcoyótl'},1
Metateoría,{'Meta teoría'},1
Cucapá,{'Para texto'},1
Micmac,{'Preventiva'},1
Tepezalá,{'Osé'},1
Doppler,{'Opiniones'},1
Biopolítica,{'In'},1
Contrainsurgencia,{'Perritos'},1
of,{'fo'},3
International,{'Internacional'},1
jesuítico,{'amara'},1
sufi,{'supranacionales'},1
Romita,{'Omita'},1
Mindanao,{'Dominando'},2
Malinche,{'Linche'},1
homotópica,{'NS-DOS'},1
Clasismo,{'Clasicismo'},1
Retroalimentación,{'monicaco'},2
Produccion,{'Man'},1
topológicos,{'topo lógicos'},2
calórico,{'clórico'},1
Gobernabilidad,{'aíslo'},1
Geólogos,{'Teólogos'},1
Haibun,{'nen'},1
Adat,{'Data'},1
Ambientalismo,{'Orientalismo'},2
Panare,{'Sanare'},1
Homínidos,{'Racionalización'},1
Tampico,{'Tampoco'},2
Troya,{'Roya'},2
Jacobo,{'Jacobeo'},1
calendárico,{'Acanalador'},1
devocionales,{'devocionarios'},1
Menominees,{'Denomines'},1
Kongo,{'Kong'},2
Cardiólogos,{'Brazaletes'},1
Pilot,{'Pilo'},1
íones,{'iones'},1
Cripto-cristianos,{'Cripta-cristianos'},1
Kosovo,{'Tanjo'},1
Econometría,{'Cronometraría'},2
Autoinmunidad,{'Auto inmunidad'},1
Diseminación,{'Inseminación'},1
Catio,{'Ratio'},1
deco,{'cedo'},1
uniparentales,{'parentales'},1
Scientific,{'Cientificismo'},1
estratigráfica,{'estratificara'},1
Jehová,{'opto electrónicos'},1
Lubricación,{'Isotopos'},1
Feccocarril,{'Cinemática'},1
Biósfera,{'Pederastia'},5
Acoma,{'Coma'},1
Podcasts,{'neo gótica'},1
Tensh,{'Tensa'},1
Child,{'yiddish'},1
Asintótico,{'Asintomático'},1
Mari,{'Mali'},1
Transexuales,{'Estridente'},1
Audiometría,{'Átomos'},1
Voakes,{'mecanográficos'},1
currículum,{'Edito'},1
Gramaticalidad,{'Gramatical'},1
sandwich,{'Puntualidad'},1
Panhispanismo,{'Pan hispanismo'},1
Borrelia,{'Micro estructura'},1
extracelular,{'extra celular'},1
Zipf,{'Amoniaco'},1
V,{'A'},1
System,{'LISO'},2
Sismometría,{'Isotopos'},1
Tablatura,{'Tabla tura'},1
Chavín,{'En'},1
alpha-bearing,{'alpaca-bearing'},1
Concerti,{'Concertó'},1
mazahuas,{'humazas'},1
Kali,{'Ali'},1
Comunalismo,{'Comunismo'},2
Euténica,{'cartográfica'},1
Hidrogeología,{'Helamiento-Jacobi'},1
IBM,{'De forestación'},6
Neutrones,{'Neutros'},1
Matlatzincas,{'Órbita'},1
transexuales,{'Magreares'},1
Abused,{'Abusan'},1
Interlenguaje,{'transaccionales'},1
Dólmenes,{'hidrosilicatos'},1
Descontaminación,{'Des contaminación'},1
Lingo,{'Ringo'},1
Fractales,{'Frac tales'},1
Kathakali,{'Kathakali'},2
francófona,{'Tabla tura'},1
Emirato,{'Emir ato'},1
Hurritas,{'Churritas'},1
jesuíta,{'radioactivos'},1
Hawái,{'Harbo'},2
Plasmásfera,{'Anfibolitas'},1
pubs,{'pus'},1
batimétricos,{'barométricos'},1
Bahia,{'Bahía'},1
Autoconciencia,{'Auto conciencia'},1
Xichú,{'Osé'},1
Fibroides,{'Esferoides'},1
Indexación,{'Historio grafía'},1
Multiprocesadores,{'Multiplicadores'},1
Epoca,{'Época'},1
Camacho,{'Amacho'},1
Xeriscaping,{'jurisprudente'},1
Daimio,{'Cagan'},1
Exobiología,{'Dentirrostros'},1
Echeverria,{'Día'},1
Ciberterrorismo,{'Monarquismo'},1
QuickBASIC,{'auto organización'},1
Mexicanoamericanos,{'Mexicano americanos'},1
Shaktismo,{'Rwanda'},1
Australasia,{'Australia'},1
Irrigación,{'Irritación'},1
Transnacionalismo,{'Tradicionalismo'},1
Chinampas,{'Amachinas'},1
Ruanda,{'Rwanda'},1
Postcolonialismo,{'Colonialismo'},2
Mahamudra,{'Insolentemente'},1
program,{'programa'},1
Alabama,{'Alabara'},1
geoespaciales,{'aeroespaciales'},1
Nyaya,{'Yaya'},1
scouts,{'Soy'},1
Mante,{'Ante'},4
Heavy,{'Vahares'},1
Ultraísmo,{'Tobago'},2
Aeronaútica,{'Aeronáutica'},1
Kenia,{'Nenia'},6
Ken,{'En'},1
Fan,{'San'},1
R,{'A'},1
neoclásica,{'neoplásica'},1
Ocotlán,{'Moruro'},1
Aerografía,{'Xerografía'},1
Huasteca,{'Secaste'},2
cicládico,{'Ero'},1
Mitomanía,{'Mito manía'},1
Arts,{'Tras'},1
Team,{'Tema'},1
Soya,{'Roya'},1
Alvars,{'Salvar'},1
Carotenos,{'Camaroteros'},1
Shikarpur,{'Preventiva'},1
Cianuración,{'Carburación'},1
Bibliotecología,{'Biotecnología'},1
Fernando,{'Frenando'},1
fitopatógenas,{'fito patógenas'},1
Akan,{'Kan'},1
coriolis,{'corolarios'},1
Microquímica,{'Micro química'},1
Osiris,{'Sirios'},1
Apple,{'Papel'},1
Utaawase,{'Ji tomates'},1
Origami,{'Hormiga'},1
huaves,{'huevas'},1
MS-DOS,{'NS-DOS'},1
cardiovasculares,{'gastrovasculares'},2
Khmers,{'Terminología'},1
Gestalt,{'Gestual'},2
Mitigación,{'mogolas'},3
Tay-Sachs,{'Ay-Sachs'},1
autopartes,{'auto partes'},1
Ergonomía,{'Altamisa'},1
Autoconocimiento,{'Auto conocimiento'},1
ainu,{'Harbo'},1
Pedofilia,{'Pedo filia'},2
ismaelitas,{'israelitas'},1
Monarquianismo,{'Monarquismo'},1
taí,{'tía'},1
Capoeira,{'Electrónica'},1
Storyboards,{'mono moleculares'},1
Cristología,{'Churritas'},1
Ainu,{'Agrave'},1
Aclimatación,{'Aclimatan'},2
Apofonía,{'Aponía'},1
Panarabismo,{'Pan arabismo'},1
Flavios,{'A'},1
Codicología,{'Psicología'},1
mazateca,{'maza teca'},1
jungiana,{'junciana'},2
urdu,{'urda'},2
Yaganes,{'Ya ganes'},1
Sijo,{'Rijo'},1
carnitina,{'Ay-Sachs'},1
Áfidos,{'Fidos'},1
Neoescolasticismo,{'Neo escolasticismo'},1
recompra,{'re compra'},1
Sumatra,{'Sumara'},1
Microbiólogos,{'Micro biólogos'},1
Dagaaba,{'Daga aba'},1
Polietileno,{'Macro moléculas'},1
Bogotá,{'Urde males'},1
sintoistas,{'sinfonistas'},1
Postapartheid,{'mexicano americanos'},1
Chontal,{'Hontanal'},1
Harbor,{'Harbo'},1
P,{'A'},1
Macao,{'Cacao'},1
Kawi,{'Militaristas'},1
Gerontología,{'Odontología'},1
Antropólogos,{'Época'},1
Microcomputadoras,{'Micro computadoras'},2
Tribus,{'Tribu'},2
transgénero,{'Frailes ca'},3
J,{'A'},2
Shisetsu,{'En'},1
Nuzi,{'Nazi'},1
DC,{'D'},2
Tojolabales,{'Tara humara'},1
Epazpyucan,{'Eloxochitlán'},1
transicional,{'transaccional'},1
Hijab,{'Hija'},1
Press,{'Presa'},1
Exito,{'Éxito'},1
Riemann,{'Neo paganismo'},1
Reconversión,{'Re conversión'},2
Emprendimiento,{'Prendimiento'},1
Higgs,{'Higas'},1
basho,{'baso'},1
Taiwanés,{'In fijos'},1
UNIMARC,{'Oligopólicos'},1
cheddar,{'Tufo'},1
Angkor,{'Gratina'},1
Convulsionarios,{'Convulsionar'},1
Minicomputadoras,{'Computadorizaras'},1
Jujuy,{'Julo'},1
Animacidad,{'Animalidad'},1
Farsalia,{'Falsaria'},2
termoestables,{'termo estables'},1
Multimedia,{'primea'},2
Ulúa,{'Entalingado'},1
Jainismo,{'Jacobinismo'},3
Miscelánea,{'unidimensional'},2
Seminoles,{'Seminales'},1
Fourier,{'Taquigrafía'},2
Mantras,{'Man tras'},1
Vow,{'Vos'},1
Inmunopatología,{'cedo'},1
Penjabí,{'oto míes'},1
Retazos,{'Retozas'},1
Negritud,{'Ministerialismo'},1
Cutter,{'Cinco grafía'},1
Paleozóico,{'Odontología'},1
caraterización,{'caracterización'},1
Pinnipedia,{'Rilo'},1
Calcificación,{'Calificación'},1
Spain,{'Astucias'},1
education,{'educativo'},1
Videograbaciones,{'Video grabaciones'},2
Batik,{'Batir'},1
Electrolitos,{'Electrolices'},1
Electrofóresis,{'Electroforesis'},1
Panqués,{'Parqués'},1
Sucre,{'Lucre'},1
antipsicóticas,{'anti psicóticas'},1
tamul,{'tamil'},1
popolucas,{'polacas'},1
archivística,{'daltonianos'},1
Citodiagnóstico,{'Cito diagnóstico'},3
Jews,{'socio lingüística'},1
caballerias,{'caballerías'},1
Chapultepec,{'Canadienses'},2
Conservacion,{'Mochilas'},1
Godzila,{'Golea'},1
capitación,{'captación'},1
Poseidón,{'Pedo filia'},1
Colecistectomia,{'pus'},1
Citoquímica,{'Cito química'},2
Asturias,{'Astucias'},2
relations,{'internacional'},1
Semiólogos,{'Rife ño'},1
Coautoría,{'Coautora'},1
Schuman,{'Humanan'},1
Koguryô,{'Permanencia'},1
Senoi,{'Seno'},1
inalámbrica,{'técnicos'},1
science,{'Politicastro'},1
Inhibidores,{'Inhibido res'},1
Exergia,{'iones'},1
Organo,{'Órgano'},2
Centroafricana,{'Centro africana'},2
MP3,{'Habilitación'},2
Histólogos,{'Hispano estadounidenses'},1
Amish,{'DAN'},1
Mescalina,{'Mesalina'},1
Exodo,{'Éxodo'},1
Presuposición,{'Pre suposición'},1
Intersexuales,{'Intersticiales'},1
Satán,{'Patán'},1
suevas,{'suaves'},1
Oscilógrafos,{'Osciló grafos'},1
Radioquímica,{'Radio química'},1
Methamphetamine,{'Anfetaminas'},1
Impermanencia,{'Permanencia'},1
coverage,{'Presa'},1
Nayar,{'Rayar'},1
Chicago,{'Chicano'},1
Vai,{'Va'},2
Exculpabilidad,{'Ex culpabilidad'},1
Jus,{'Rus'},1
Televidentes,{'Tele videntes'},1
Observation,{'Observatorio'},1
tlaxcaltecas,{'Amoniaco'},1
Machiguenga,{'anti nuclear'},1
Checheno,{'Cohechen'},1
Americans,{'Americana'},1
Climatólogos,{'Encrespamiento'},1
Oporto,{'Porto'},1
Observacion,{'Observación'},1
multicriterio,{'OC'},1
Hausa,{'Causa'},1
Huatulco,{'Xoxocotlán'},1
cicladica,{'claudica'},1
Autopercepción,{'Auto percepción'},1
Brazzaville,{'Comoros'},1
SPSS,{'Animalidad'},1
Yiddish,{'Yiddish'},1
Tepehuano,{'Traviesa'},1
Lahares,{'Vahares'},1
log-lineales,{'gol-lineales'},1
Chamanes,{'Chamasen'},1
Biomatemáticas,{'Matemáticas'},1
Spline,{'Micro propagación'},1
Transplantes,{'Trasplantes'},1
Socialización,{'Especialización'},3
LISP,{'LISO'},1
Biomecánica,{'Fotosíntesis'},1
Neuroplasticidad,{'Acribillada'},1
VHDL,{'organizarles'},1
Historiometría,{'etología'},1
Limnología,{'Climatología'},1
olmeca,{'olmeda'},3
Broncoscopía,{'entrever'},1
Malthusianismo,{'Maltusianismo'},1
eurobonos,{'euro bonos'},1
Biocomplejidad,{'extra bursátiles'},1
Nupcialidad,{'Senegal eses'},1
topológica,{'topo lógica'},1
radioaficionados,{'radio aficionados'},1
Latinoamericanistas,{'Latino americanistas'},1
nutricionales,{'tradicionales'},3
Morelos,{'Moleros'},5
OSPF,{'folclore'},1
Lebesgue,{'d Base'},1
Xicohténcatl,{'Xicohténcatl'},1
Pidgin,{'Habilitación'},1
Emily,{'liban eses'},1
Conodontos,{'Contentos'},1
Chupícuaro,{'Mitología'},1
Orinoco,{'Orino'},1
Cerritos,{'Perritos'},1
Linguística,{'agregativas'},1
Zacatecas,{'Aztecas'},2
ultrasónico,{'topo lógica'},1
Glucómica,{'pegas'},1
Amate,{'Mate'},1
Asimetría,{'Simetría'},1
conurbadas,{'conturbadas'},1
Bibliometría,{'ro cocó'},1
Ombudsman,{'Landres'},1
Tepehuanos,{'pos-exilio'},1
Mazateco,{'Mazacote'},1
Ontología,{'Antología'},1
Huasca,{'Huaca'},1
Antropometría,{'Entrometería'},2
Wirikuta,{'Wirikuta'},1
Bandeiras,{'Banderas'},1
III,{'d Base'},1
pictográfica,{'cartográfica'},1
Acadienses,{'Canadienses'},1
Mariachi,{'Marimacho'},2
Atenas,{'Tenas'},2
Ecohidrología,{'re unificación'},1
Fuji,{'Fiji'},1
hiperactivos,{'hiperactividad'},1
Edo,{'Do'},1
Endocrinología,{'Endocrinóloga'},2
Metaloproteinasas,{'Metalista'},1
Benelux,{'Re conversión'},1
biomédicos,{'Área'},1
Inclusividad,{'Animalidad'},1
Madrid,{'Madrina'},1
psicosexuales,{'Erasmiano'},1
Florencia,{'XVII'},1
Sadomasoquismo,{'Ósmosis'},1
Lematización,{'Automatización'},1
Chichén,{'Chinché'},1
Microcontaminantes,{'Micro contaminantes'},1
Berlín,{'Necrología'},4
Guadalajara,{'Guadalajareña'},1
Trusts,{'Terminología'},1
Canella,{'Camella'},1
Sociobiología,{'Socio biología'},1
Hidrostática,{'Hidrosilicato'},1
Services,{'Cervices'},1
Rembarrnga,{'Embarraren'},1
Manuel,{'Manuela'},2
sh-95003390,{'ah-95003390'},1
Sedimentología,{'Útero'},1
otomangues,{'oto mangues'},1
NT,{'NA'},1
Lowriders,{'hidrosilicatos'},1
Pisaflores,{'Picaflores'},1
Danubio,{'Da nubio'},1
Musicoterapia,{'Psicoterapia'},1
Popoloca,{'Popo loca'},1
Ducumentales,{'Documentales'},1
Amenorrea,{'Amenorare'},2
Lizardo,{'Anón'},1
Microscopía,{'psicoterapias'},5
Subempleo,{'Senegal eses'},1
Suteos,{'Porto'},1
Oftalmología,{'cañar'},2
Coronelismo,{'Rebla'},1
international,{'internacional'},1
Works,{'NS-DOS'},1
monopolística,{'monopolista'},1
Peronismo,{'Pirronismo'},1
Yao,{'Nao'},1
Jerécuaro,{'Chispas'},1
Mau,{'Man'},2
Heurística,{'Eucarística'},1
Sauropterygia,{'Acoderamos'},1
cristera,{'crismera'},2
Islamic,{'Islamice'},1
Desertificación,{'Certificación'},1
corioamnióticas,{'extra celular'},1
Malikitas,{'Malditas'},1
Autorealización,{'Auto realización'},1
Brucelosis,{'Malle'},1
Culloden,{'Cuídenlo'},1
postclásico,{'Gramatical'},1
n,{'na'},1
Neoconfucianismo,{'Neo confucianismo'},1
rococó,{'ro cocó'},5
tutoría,{'tutora'},2
SQL,{'SAL'},2
multicultural,{'fruticultura'},1
Talk,{'Tal'},1
Biobibliografías,{'Bibliográficas'},1
Luria-Nebraska,{'Curia-Nebraska'},1
Parulas,{'Parlas'},1
Esteroides,{'Asteroides'},2
Cibernética,{'CD'},1
cañarí,{'cañar'},1
termoluminiscencia,{'termo luminiscencia'},1
Yi,{'Ni'},1
Prácticums,{'Macro moléculas'},1
Telemercadeo,{'Tele mercadeo'},1
Birmania,{'Birmana'},3
Microhongos,{'Micro hongos'},1
Hermosillo,{'Alota'},1
catequísticos,{'Roché'},1
xilográficos,{'estilográficos'},1
Radioastronomía,{'Radio astronomía'},1
Nativismo,{'Activismo'},2
interseccción,{'intersección'},1
Visaya,{'Bisaya'},1
micénica,{'Braman'},1
Bibliógrafos,{'Biógrafos'},2
Ismailitas,{'Militaristas'},1
Zapotecas,{'Zapo tecas'},1
Chiísmo,{'Magreares'},1
Chac,{'Chad'},1
Petroquímicos,{'Petroleoquímicos'},1
Bluetooth,{'Bluetooth'},1
Baby,{'Baba'},1
Ixcateco,{'petunias'},1
glucogénica,{'Visco elasticidad'},1
Zinacatepec,{'Xoxocotlán'},1
Tojolabal,{'transaccional'},1
Minirrizotrones,{'In fertilidad'},1
indoarias,{'indo arias'},1
Brousesismo,{'Madhyamaka'},1
Mohawk,{'Americana'},2
browniano,{'diferenciales'},1
Jocotán,{'asirio babilónica'},1
multiparadigmática,{'Genealogistas'},2
chimñ,{'pegas'},1
aúreo,{'áureo'},1
Geofísico,{'Fotosíntesis'},1
an,{'na'},1
Islamofobia,{'Mesoamericanos'},1
Trofoblasto,{'Bluetooth'},1
Catarina,{'Catalina'},2
Sambia,{'Cambia'},1
Termoquímica,{'Termo química'},1
Kairiru,{'A'},1
PERT,{'PERA'},1
Proteoglicanos,{'Droga dicción'},1
geoquímica,{'motivación'},1
Geógrafos,{'Mimeógrafos'},1
Egiptología,{'Permanecer'},1
Vetiver,{'neutros'},1
Chibchas,{'Chinchas'},1
Totec,{'Pipe'},2
Velocimetría,{'Acoderamos'},1
Apinayé,{'Ukiyoe'},1
Retrovirus,{'mecanográficos'},1
doppler,{'Carbonosa'},1
Seri,{'Sri'},1
Fitogeografía,{'Fito geografía'},1
Encriptamiento,{'Encrespamiento'},1
Acaros,{'Ácaros'},2
Estimulación,{'Estipulación'},2
globalización,{'localización'},10
Autlán,{'fullerescos'},1
Microenseñanza,{'Micro enseñanza'},1
Varsovia,{'Varsoviana'},1
Otomíes,{'Oto míes'},1
Katrina,{'Ka trina'},1
Ocampo,{'Campo'},2
Cakchiquel,{'aterosclerosis'},1
Habitat,{'Hábitat'},1
Samkhya,{'Pirronismo'},1
Xalapa,{'Jalapa'},1
Autocrítica,{'Auto crítica'},1
Visceras,{'Vísceras'},1
Parnasianismo,{'Parnasiano'},1
H1N1,{'H1N1'},1
Montessori,{'Jacobinismo'},1
Surui,{'Punamos'},1
Xólotl,{'Mitlancihuátl'},2
Acolman,{'Colman'},1
Cahita,{'Chita'},1
Sebastianismo,{'Sebastiano'},2
Porsche,{'Porche'},1
Svástica,{'Intervencionismo'},1
Discrecionalidad,{'Discrecional'},1
Citofotometría,{'cerebro vascular'},1
Hormonoterapia,{'Mecanoterapia'},1
Rastafari,{'Rifarrafa'},1
Geoglifos,{'Democratizan'},1
Tehuantepec,{'Nuez'},2
IP,{'PI'},1
creek,{'cree'},1
Expatriación,{'Expatrian'},1
Normatividad,{'Normalidad'},1
premoldeado,{'pre moldeado'},1
Refabricación,{'Re fabricación'},1
Catalogación,{'Beduinas'},34
Lacandona,{'Acanalador'},1
Homosexuality,{'isotérmicos'},1
Gametofitos,{'Gameto fitos'},1
Españita,{'Espita'},1
Facilitación,{'Habilitación'},1
distrital,{'alabastrita'},1
Quebec,{'neo gótica'},1
Neurofisiología,{'conducto'},1
otomí,{'oto mí'},1
estrogénico,{'estro génico'},1
Onomasiología,{'Ataco'},1
Americanismos,{'Panamericanismos'},2
Papalotla,{'Papalote'},1
numismática,{'carismática'},1
Preventive,{'Preventiva'},1
Hiperespacio,{'Ciberespacio'},1
lisérgico,{'Absentismo'},1
multidimensional,{'unidimensional'},1
Contracomercio,{'Contra comercio'},1
creole,{'creo le'},1
Suez,{'Nuez'},1
Subcontratación,{'Contratación'},1
bandoneón,{'bando neón'},1
Curdistán,{'Entrometería'},1
enforcement,{'conformemente'},1
rayos-X,{'rayos-A'},1
Tejupilco,{'Tumba'},1
Xochimilco,{'Porfirizo'},2
Gutiérrez,{'Tapa chula'},1
Nutka,{'Biografía'},1
tzotziles,{'asirio babilónica'},1
Monroe,{'Pictograma'},1
Semiótica,{'Lingüística'},4
Bonsai,{'Toé'},1
padrasto,{'padrastro'},1
Charros,{'Chorras'},1
Duopolios,{'Autor regresión'},1
sh,{'ah'},5
Autorrealización,{'Autor realización'},1
Interconexiones,{'Interjecciones'},2
Banach,{'Achabacana'},2
Antioquia,{'Acalla'},1
psicosexual,{'Chamasen'},1
Watergate,{'Bala'},1
adena,{'adema'},1
Entropía,{'Entro pía'},3
Cataluña,{'Catalufa'},2
Drones,{'Rones'},1
Morfogénesis,{'Morfo génesis'},2
Tejocote,{'Tejo cote'},1
Hispanoamérica,{'Hispano américa'},1
Pictografía,{'Pictograma'},1
Ocoyoacac,{'Moruro'},1
Viscoelasticidad,{'Visco elasticidad'},1
Ramsey,{'Casticismo'},2
antiabsorción,{'anti absorción'},1
Prolog,{'Prologa'},1
Rhodes,{'Canadienses'},1
fullerenos,{'fullerescos'},1
PL,{'PAL'},1
Gurús,{'Guras'},1
Dien,{'Sien'},1
Escarificación,{'Especificación'},1
espagírica,{'Acanalador'},1
Trituración,{'Aculturación'},1
microclimatology,{'Foresta'},1
etc,{'et'},41
Tepito,{'Repito'},1
Polifenoles,{'contracultura'},1
Benguela,{'Blandengue'},1
Aztlán,{'Varsoviana'},1
latianoamericano,{'latinoamericano'},1
Macromoléculas,{'Macro moléculas'},1
Dactiloscopía,{'Amenorare'},1
Catilina,{'Catalina'},1
Arabe,{'Árabe'},7
Bhil,{'Secularizo'},1
Biolingüística,{'Lingüística'},1
Supranacionalismo,{'Supranacional'},1
Eros,{'Ros'},2
Zanzíbar,{'Bardanza'},2
Gastroenterología,{'corolarios'},1
yolngu,{'secularizo'},1
XIV,{'Rwanda'},2
Rif,{'Rifa'},1
Monasticismo,{'Casticismo'},1
Tzeltal,{'Tarara'},1
Osun,{'Osuna'},1
Ming,{'Minga'},2
Yuriria,{'Osé'},1
Atotonilco,{'Campo'},2
Lotus,{'Lutos'},1
Drávidas,{'Grávidas'},1
Zonificación,{'Saponificación'},2
booleana,{'Toé'},1
Nicolás,{'Tintan'},2
Taekwan,{'emigrantes'},1
Cronometría,{'Cronometra'},1
Chinoamericanos,{'Chino americanos'},1
radiocarbono,{'radio carbono'},1
Geomorfología,{'Endocrinóloga'},1
Mateos,{'Ateos'},1
ayurvédica,{'Oros'},1
Entremes,{'Entremés'},1
Art,{'Ar'},4
Ponce,{'Once'},1
Matlatzinca,{'Órbita'},1
estuarinos,{'estuarios'},1
cibernéticos,{'comunicacionales'},1
peace,{'pace'},1
Fé,{'Sé'},2
Auditorías,{'Auditorias'},1
Loltún,{'Sanchecia'},1
Prion,{'Pion'},2
Antiamericanismo,{'Panamericanismo'},1
Sexología,{'Anales'},1
esteroides,{'asteroides'},1
electronicas,{'Tele videntes'},2
Postismo,{'Positivismo'},1
Glifografía,{'Litofotografía'},2
Christi,{'Rebla'},1
Amuesha,{'Rimara'},1
Sabateístas,{'Asambleístas'},1
Aden,{'Den'},1
psicodinámica,{'pos-traslación'},2
Orchestra,{'Escorchara'},1
tereftalato,{'Macro moléculas'},1
Ginecología,{'Gin ecología'},3
Nostrático,{'anti monopolio'},1
Tíbet,{'Siena'},2
Microbiología,{'Micro biología'},5
Planificadores,{'Planifica dores'},3
Travestis,{'Travistes'},1
Verilog,{'uses'},1
Camarógrafos,{'Cartógrafos'},1
sociolingüística,{'socio lingüística'},1
post-exilio,{'pos-exilio'},1
Ninfomanía,{'Ninfo manía'},1
Empatía,{'Empata'},1
Lacandones,{'Acanelados'},1
Acrónimos,{'Anacrónicos'},1
Calpan,{'Palpan'},1
libanesa,{'liban esa'},1
Prolactina,{'jerarquizan'},1
Transcaucasia,{'Repatrian'},1
presupuestal,{'presupuesta'},1
Ribosomas,{'Rimbombas'},1
Huehuetenango,{'Chapalea'},3
goma,{'gamo'},2
Amortiguación,{'Amortización'},1
Sijismo,{'primea'},1
Baal,{'Bala'},1
Holbox,{'Neo liberalismo'},1
Legislators,{'Legislaturas'},1
Carabobo,{'Car abobo'},1
Etica,{'Ética'},37
Algebra,{'Álgebra'},9
Reunificación,{'Re unificación'},1
Wikis,{'Treo'},1
sinóptica,{'sinópica'},1
extraescolares,{'extra escolares'},1
Meoqui,{'Meo qui'},1
Punjab,{'Punjan'},1
Metadatos,{'Meta datos'},1
Tai,{'Tau'},1
dietilamida,{'Absentismo'},1
Optometría,{'Porche'},1
Philosophy,{'Baba'},1
Atomos,{'Átomos'},1
sumeria,{'sumiera'},4
Zeolitas,{'euro bonos'},1
dell,{'del'},1
Comoras,{'Comoros'},2
Tzotzil,{'Tzotzil'},1
Chumash,{'Amoniaco'},1
Grafémica,{'Soga'},1
Paratexto,{'Para texto'},1
neurodesarrollo,{'desarrollo'},2
Bacteriólogos,{'Bacteriófagos'},1
faltantes,{'faltan tes'},1
aísmo,{'aíslo'},1
Dunkerque,{'Dunkirki'},1
Péptidos,{'Cronómetros'},2
Labanotación,{'oto mangues'},1
Tarawa,{'Tarara'},1
Micólogos,{'Mitólogos'},1
Paleoecología,{'Paleo ecología'},1
Garawa,{'Garrara'},1
Texas,{'Tecas'},2
Cartago,{'Cuartago'},1
Hipoclorinadores,{'Hipoclorhidrias'},1
literaura,{'literatura'},2
inalámbricas,{'Pisan'},2
Tamaulipas,{'Tampoco'},5
Arabe-Israelí,{'Árabe-Israelí'},1
Biónica,{'Babilónica'},1
Ecofeminismo,{'Eco feminismo'},2
electroquímico,{'electro químico'},1
Monadología,{'Demonología'},1
Panamint,{'Tecas'},1
epidemiológica,{'paremiológica'},1
Interconexión,{'documentarlo'},1
Unipolaridad,{'Permanecer'},1
XBRL,{'pegas'},1
Krishna,{'Ali'},2
frástica,{'drástica'},2
Radiobiología,{'Radio biología'},1
Geeks,{'aula'},1
Autoevaluación,{'Auto evaluación'},1
Anosov,{'intersección'},1
Anabolizantes,{'Saborizantes'},1
Prebióticos,{'Lumbo sacro'},1
Ecoturismo,{'Eco turismo'},1
Angeles,{'Ángeles'},5
Caos,{'Naos'},1
priori,{'prior'},1
Bioterrorismo,{'Terrorismo'},1
retícular,{'reticular'},1
hamiltonianos,{'daltonianos'},1
Carlos,{'Darlos'},1
Moldova,{'Moldavo'},1
psicomotores,{'ciclomotores'},1
server,{'servar'},1
Asquenazís,{'Mira flores'},1
Zoque,{'Oque'},1
Ausentismo,{'Absentismo'},1
Comunicacion,{'nen'},1
XVII,{'XVII'},10
Graphics,{'Havar'},1
universalista,{'universa lista'},1
Behaviorism,{'Anti héroes'},1
Ecólogos,{'Ginecólogos'},1
Zoogeografía,{'Zoo geografía'},1
Bioenergética,{'Energética'},1
computacional,{'Ángel'},4
Scouts,{'Gil'},1
Nefrotoxicología,{'cree'},1
Panjab,{'Taraba'},1
Ebla,{'Rebla'},1
extrabursátiles,{'extra bursátiles'},1
I,{'A'},2
Diapiros,{'Diaspros'},1
Etólogos,{'Teólogos'},1
Tiristores,{'Resistores'},1
Paleoindios,{'Paleo indios'},1
Macroevolución,{'Macro evolución'},1
Ranqueles,{'Franquearles'},1
Inmunohistoquímica,{'Habilitación'},1
Heisman,{'Osciló grafos'},1
Zuni,{'Causa'},2
Pawnee,{'Ex culpabilidad'},1
Dopamina,{'Dopa mina'},2
Etnicidad,{'Élite'},2
Micromorfología,{'Micro morfología'},1
Frailesca,{'Frailes ca'},1
popolocas,{'popo locas'},2
zapatista,{'zapatiesta'},1
autoorganización,{'auto organización'},1
Laptop,{'Polisacáridos'},2
Sakti,{'Rwanda'},1
neuropsicológica,{'neurológica'},1
Contrarreforma,{'Contrarrestara'},1
Probits,{'Pro bits'},1
glucosidasa,{'Inhibido res'},1
Hiperandrogenismo,{'Radio isotopos'},1
Influenza,{'Compostelana'},1
organizacionales,{'organizarles'},1
caracterológicas,{'bacteriológicas'},1
Señalización,{'Especialización'},1
Teletransportación,{'Tele transportación'},1
WordPerfect,{'Micro química'},1
Righteous,{'devocionarios'},1
Charivari,{'Archivar'},1
Apizaco,{'Espita'},1
biotecnológicas,{'tecnológicas'},1
Epicúreos,{'Auto construcción'},1
taoista,{'taxista'},1
Policentricidad,{'neutros'},1
Postcomunismo,{'nutricio'},1
Negativismo,{'Fukushima'},1
Geopolítica,{'Geopolíticamente'},1
econométricos,{'trigonométricos'},1
Acidos,{'Ácidos'},4
bengalies,{'Ácaros'},1
Jomon,{'Nomon'},1
Glifos,{'Grifos'},2
Reingeniería,{'Re ingeniería'},2
-,{'a'},19
courts,{'Internacional'},1
Silicón,{'Lame'},1
Sacarímetros,{'Porche'},1
Tutsi,{'Orfo'},1
Tohoku,{'pos-exilio'},2
Abasolo,{'Aba solo'},1
Zitlala,{'Mali'},1
Markov,{'OC'},1
Policondensación,{'Agro silvicultura'},1
Miomectomía,{'Radio isotopos'},1
Paleontología,{'Odontología'},10
Riemannian,{'Manieran'},1
Biogeografía,{'Biografía'},1
Irracionalismo,{'Ir racionalismo'},1
Etiope,{'Etíope'},1
Outlines,{'transaccionales'},1
interorganizacionales,{'internacionalizares'},1
Topología,{'Antropología'},3
neozelandés,{'neo gótica'},1
Fotoquímica,{'Foto química'},1
Mazahuas,{'Humazas'},1
Bhután,{'Caucasiana'},1
Veracruz,{'Vera cruz'},2
Grial,{'Erial'},1
Metanarración,{'Meta narración'},1
Tezcatlipoca,{'presupuesta'},1
Castilla,{'Astilla'},1
Deconstrucción,{'Reconstrucción'},1
Nanotubos,{'Cambia'},1
Narcoterapia,{'Psicoterapia'},1
Biofilms,{'Micro morfología'},1
Webcasting,{'Web casting'},1
Geomática,{'Odisea'},1
Bioregionalismo,{'Regionalismo'},1
electroquímica,{'electro química'},1
ie,{'ir'},1
macrobiótica,{'reestructurados'},1
Audiología,{'Átomos'},1
Memética,{'Emética'},1
Biosfera,{'Activismo'},3
Clarificación,{'Clasificación'},1
Nínive,{'Micro finanzas'},1
Tectita,{'Aclimatan'},1
Shambala,{'Magreares'},1
Sunníes,{'Fiji'},1
Rumba,{'Tumba'},1
tojolabal,{'Mitología'},2
mineralógica,{'minera lógica'},1
Tlaltizapán,{'Catalán'},1
Coaching,{'Chinga'},1
protoindoeuropea,{'Neo kantismo'},1
Epigénesis,{'Bola'},1
agronomía,{'Amarás'},1
Neoliberalismo,{'Neo liberalismo'},1
autoorganizados,{'auto organizados'},1
Goth,{'Gota'},2
Cookies,{'Anexionismo'},1
literature,{'literatura'},5
Chiítas,{'Chitas'},3
Basoga,{'Saboga'},1
Dionisio,{'Dionisia'},1
Texcoco,{'Texcocano'},1
Psicohistoria,{'Protohistoria'},1
Manyukei,{'Conocida'},1
curriculum,{'Sadismo'},1
agrobiodiversidad,{'Entrometería'},1
genéticamente,{'genéricamente'},1
Oracle,{'Perú'},1
Hatha,{'Hatea'},1
Adeebeba,{'Debelaba'},1
Xavante,{'Tara humara'},1
Desindustrialización,{'Des industrialización'},1
Access,{'Accesos'},1
Evangelicalismo,{'pos-exilio'},1
minimal,{'animal'},1
Logits,{'Logis'},1
Electrofisiología,{'Electro fisiología'},2
Walbiri,{'Tara humara'},1
Coatlicue,{'Criptograma'},1
Fundamentalismo,{'Fundamentalmente'},4
Estalingrado,{'Entalingado'},1
for,{'fo'},1
Hachemitas,{'Hache mitas'},1
Inmunología,{'Ácaros'},2
Kabuki,{'Maquinadoras'},1
Paleoantropología,{'Paleo antropología'},1
huave,{'hueva'},1
Judaismo,{'Sri'},1
microscopía,{'termo solar'},1
Holismo,{'literatura'},1
Ecofisiología,{'Eco fisiología'},1
Anserma,{'Remanse'},1
téctonicos,{'técnicos'},1
transnacional,{'transaccional'},1
etnología,{'etología'},4
Tabago,{'Tobago'},2
Miskitos,{'Mitosis'},1
Dumping,{'Democratizan'},1
huertista,{'constitucionalismo'},1
Genes,{'Renes'},2
humectantes,{'humectan tes'},1
Oka,{'Ka'},1
soya,{'solla'},1
Xo,{'O'},1
Fisicoculturistas,{'diabólicos'},1
Tláloc,{'asturianos'},1
Cacahuates,{'Cacahuetes'},1
antinuclear,{'anti nuclear'},1
Quipus,{'Qui pus'},1
Infijos,{'In fijos'},1
Mochicas,{'Mochilas'},1
biodiesel,{'Video grabadoras'},2
Sudasiáticos,{'Sud asiáticos'},1
Decomisos,{'Decomiso'},1
Tobit,{'To bit'},1
Metalistería,{'Metalista'},2
Heyaz,{'Egocentrismo'},1
Fracturación,{'Facturación'},2
transfinitos,{'transfijos'},1
Kumasi,{'Moruro'},1
Somatomedin,{'Video discos'},1
Nematoda,{'Nematodo'},1
power,{'poner'},1
Obedience,{'Obediente'},1
Cuerámaro,{'Chispas'},1
zombis,{'Neo kantismo'},1
Astronáutica,{'Astro náutica'},4
confucianista,{'confucionista'},2
Collage,{'Colla ge'},1
Sismología,{'Fisiología'},1
Extasis,{'Éxtasis'},1
Escenificación,{'Especificación'},1
Lepanto,{'Levanto'},2
Genetistas,{'Genealogistas'},2
Anomia,{'Anemia'},1
Perestroika,{'Beles'},1
Jarchas,{'Archas'},1
American,{'Amaricen'},1
Coinversiones,{'Conversiones'},1
Nairobi,{'Danzó'},1
Taraab,{'Taraba'},1
Savitri,{'Traviesa'},1
Cubanoestadounidenses,{'Cubano estadounidenses'},1
cronicamente,{'cronológicamente'},1
Calakmul,{'Mocos'},1
Papisa,{'Papista'},1
Brazeletes,{'Brazaletes'},1
filubustera,{'Corazones'},1
carcinogénesis,{'transaccionales'},1
Condicionalidad,{'Condicionada'},1
Magrebíes,{'Magreares'},1
multimedia,{'Computadorizaras'},3
Actinómetros,{'Cronómetros'},1
Aljamia,{'Aljama'},1
Nápoles,{'Parqués'},2
Kabirpanthis,{'Anti héroes'},1
transnacionales,{'transaccionales'},1
Desregulación,{'Des regulación'},1
Psicolingüística,{'Lingüística'},1
asintótica,{'asintomática'},2
Teoria,{'Teoría'},1
Gujaratí,{'Montazgue'},1
Biomasa,{'auto organización'},1
reunificación,{'re unificación'},2
Zulliger,{'Oryctolagus'},1
Artico,{'Ártico'},1
mexicanoamericanos,{'mexicano americanos'},1
geotérmicos,{'isotérmicos'},1
varianza,{'acrianzar'},1
Dislexia,{'minimista'},1
Alvarez,{'Valvar'},1
Crisofitos,{'Crisólitos'},1
Biblioterapia,{'Bibliotecaria'},2
Cycas,{'Cucas'},1
Microarreglos,{'Micro arreglos'},1
Kalman,{'Calman'},1
Podiatría,{'Pediatría'},1
trees,{'terse'},1
Valladolid,{'Vallado lid'},1
Minimalismo,{'Ministerialismo'},1
mexicanoamericanas,{'mexicano americanas'},1
Olmecas,{'Olmedas'},1
mongolas,{'mogolas'},1
Punibilidad,{'Puntualidad'},1
Etnomatemáticas,{'Matemáticamente'},1
Yaqui,{'Caqui'},3
profesionistas,{'profe sionistas'},1
Autoeducación,{'Auto educación'},1
Folklore,{'Folclore'},8
kanchenjunga,{'emigrantes'},1
organizacional,{'nacionalizaran'},8
Ocumare,{'Ocupare'},1
endotelial,{'endotelio'},1
carotídeo,{'diabólicos'},2
Dusun,{'Tenas'},1
océanico,{'Folclore'},1
XVI,{'XI'},5
Vasectomía,{'Orientalismo'},1
Pastorelas,{'Pastorales'},1
Reduccionismo,{'Obstruccionismo'},1
archivístico,{'Roché'},1
optimidad,{'Sátira'},1
Tuxtepec,{'Anón'},1
portesgilista,{'convencionalismo'},1
Arbol,{'Árbol'},3
Autoempleados,{'Auto empleados'},1
Phu,{'Pu'},1
Fístulas,{'para tiroides'},1
Tantrism,{'Transmitan'},2
Brahui,{'Babilónica'},1
Sumeria,{'Sumiera'},1
varakari,{'Seno'},1
Sublenguaje,{'Patacos'},1
Serbocroata,{'pos-exilio'},1
Ayutla,{'Amarás'},2
Malaca,{'Malacia'},1
Micología,{'Mitología'},3
C,{'CD'},43
Kano,{'Ano'},1
Microempresas,{'Micro empresas'},2
Hagiografía,{'Radiografía'},3
Arqueometría,{'Traquetearía'},1
Espectrómetros,{'Espectroscópicos'},1
primae,{'primea'},1
Q,{'A'},1
LOCIS,{'LOCOS'},1
Teratología,{'Terminología'},1
lao,{'loa'},1
Kiriwiniano,{'bando neón'},1
Chalchiuhtlicue,{'jadeo-españoles'},2
kist,{'A'},1
Star,{'Atar'},1
Secularismo,{'Secularizo'},1
Aerofotografía,{'Litofotografía'},1
alai,{'ala'},1
Metanfetaminas,{'Anfetaminas'},1
Dentrobatinos,{'Dentirrostros'},1
sikh,{'neo gótica'},1
Micropropagación,{'Micro propagación'},1
Mataco,{'Ataco'},1
Kiliwa,{'Álbumes'},1
Audiolibros,{'Audio libros'},1
Djibouti,{'Comoros'},1
intercultural,{'culturalmente'},3
Molucas,{'Malucos'},1
Dietética,{'Pietistas'},1
Tecpan,{'Pectan'},1
Chilcuautla,{'Eloxochitlán'},1
Parasitología,{'diferenciales'},3
hídricos,{'clorhídricos'},1
Paleobotánica,{'Paleo botánica'},1
Terminologia,{'Terminología'},1
terias,{'tercias'},1
Beowulf,{'Retozas'},1
Eloxochitlán,{'Eloxochitlán'},1
Autosacrificio,{'Auto sacrificio'},2
Medievalismo,{'Medievalista'},1
Otomí,{'Oto mí'},1
Tultenango,{'Tintan'},1
Dubay,{'Duba'},1
Tiantai,{'Tintan'},1
Radioauditorio,{'Radio auditorio'},1
Eurocentrismo,{'Egocentrismo'},1
cambiario,{'cambiarlo'},1
Nextlalpan,{'Alquilaras'},1
Luditas,{'Auditas'},1
autodirigidos,{'auto dirigidos'},1
Odiseo,{'Odisea'},2
policiaco,{'Pastorales'},2
indo-iraníes,{'indo-tiranías'},1
entropía,{'entro pía'},1
PC,{'OC'},2
Electrificación,{'Electrifican'},2
PowerPoint,{'Farmacéutica'},1
Budapest,{'Insolentemente'},1
Fluoxetine,{'Golea'},1
Cebúes,{'Cebes'},1
Francocanadienses,{'Franco canadienses'},1
Postestructuralismo,{'tegea'},1
Ayacucho,{'Achucho'},1
Yanomami,{'Gafar'},1
facetada,{'faceta da'},1
Mapimí,{'Activismo'},1
Paralingüística,{'Para lingüística'},1
Zamiaceae,{'Cambia'},1
Multiculturalismo,{'Hache mitas'},2
Avalokitesvara,{'Armamentista'},1
Windows,{'mesoamericanos'},3
Coahuila,{'Indicación'},3
biósfera,{'extralingüística'},1
Moscú,{'Mosca'},3
Atlacomulco,{'Alquilaras'},1
Z,{'A'},1
folklóricas,{'folclóricas'},25
Sumerio,{'Sumario'},1
Fibrilación,{'alabastrita'},1
convencionalista,{'convencionalismo'},1
oceanográfica,{'mecanográfica'},2
Iridiscencia,{'Iridiscente'},1
Codependientes,{'Drogodependientes'},1
Telemática,{'Telepática'},2
Geofísicos,{'corolarios'},1
egeo,{'ego'},1
Goliardos,{'Tintan'},1
Asíndeton,{'Animalidad'},1
Macroeconomía,{'Macro economía'},1
Desinversión,{'Des inversión'},1
Hidrodinámica,{'Aerodinámica'},1
Neopaganismo,{'Neo paganismo'},1
Chapantongo,{'Chapan tongo'},1
aerodeslizador,{'deslizadero'},1
Asis,{'Asís'},1
Londres,{'Landres'},1
Idolos,{'Ídolos'},2
Díaz,{'Día'},2
abrahámicas,{'Danzó'},1
interinstitucional,{'institucionalmente'},1
Tecnocracia,{'Primea'},2
Sahara,{'Vahara'},4
Fatimitas,{'Imitativas'},1
UNIX,{'UNIR'},2
Chilpancingo,{'Tapa chula'},2
Basquetbol,{'Video grabadoras'},2
Amperímetros,{'Perímetros'},1
Teddy,{'comen'},1
Qumrán,{'jurisprudente'},1
Egiptólogos,{'Erasmiano'},1
Musicología,{'conducto'},1
Infertilidad,{'In fertilidad'},1
Tecuexes,{'Cuestes'},1
pidgin,{'Malacia'},1
Espintrónica,{'Útero'},1
Chol,{'Col'},1
Neurobiología,{'Percepción'},3
folklórica,{'folclórica'},6
Papua,{'Papúa'},4
Hermes,{'Termes'},1
Publisher,{'d Base'},1
Hutu,{'Yagan'},1
Descentralización,{'Des centralización'},2
Fosfolípidos,{'especialización'},1
Digitalización,{'asirio babilónica'},1
Online,{'Linearon'},1
Kikuyu,{'Kikuyu'},1
Benchmarking,{'ah'},1
senegalesa,{'sene galesa'},1
Conductismo,{'Conducticio'},2
Gustavo,{'Gustado'},1
Zoques,{'Oques'},1
Dahomey,{'Mimetismo'},1
Aguascalientes,{'Aguas calientes'},13
Triqui,{'Trique'},1
Filántropos,{'cartográfica'},1
Script,{'Lutos'},1
Ornitólogos,{'Mitología'},1
nimonic,{'monicaco'},1
systems,{'Auto inmunidad'},1
Mandala,{'Man dala'},1
pseudodiferenciales,{'diferenciales'},1
Iemoto,{'Harma'},1
Cohetería,{'Cohetera'},1
Kinshasa,{'Kinshasa'},1
Banjo,{'Tanjo'},1
puertorriqueños,{'termo luminiscencia'},2
minimalista,{'minimista'},1
Cincografía,{'Cinco grafía'},1
Veracruz-Llave,{'Vera cruz-Llave'},8
Oruro,{'Moruro'},1
Elohim,{'opto electrónicos'},1
cromatográfico,{'cinematográfico'},1
Sian,{'Pian'},1
Cercopitécidos,{'diabólicos'},1
Ayahuasca,{'Auto educación'},1
clonal,{'clona'},1
Ixtlahuaca,{'Catalán'},2
Dietoterapia,{'Dieto terapia'},2
Verboides,{'Aponía'},1
Filmstrips,{'irían'},1
Cormoranes,{'Corazones'},1
postnatales,{'postpalatales'},1
Cardiología,{'Carbonatos'},1
Achagua,{'Aguacha'},2
Asrams,{'Tejo cote'},1
Motorola,{'Moto rola'},1
terrrestre,{'terrestre'},1
Histoquímica,{'IR'},1
Prostodoncia,{'Micro técnica'},1
Etnocentrismo,{'Egocentrismo'},1
Braille,{'Brille'},1
subnacionales,{'supranacionales'},2
History,{'Astucias'},2
Teledifusión,{'Tele difusión'},1
mexicoamericanos,{'mesoamericanos'},3
DDT,{'oto míes'},1
tsunami,{'pos-exilio'},1
transfronterizo,{'De forestación'},1
Sinarquismo,{'Monarquismo'},1
Dalai,{'Dalia'},1
París,{'Paría'},2
Retinoides,{'Tiroides'},1
citadinas,{'cita dinas'},1
Nomografía,{'Tomografía'},1
Djinn,{'Do'},1
Indización,{'Indicación'},2
Criptografía,{'Criptograma'},2
dao,{'sao'},1
transfronteriza,{'neurológicas'},2
Microclimatología,{'Micro climatología'},2
Efedrina,{'Micro contaminantes'},1
Ambientalistas,{'Ambienta listas'},1
Yoruba,{'Varsoviana'},3
Temascaltepec,{'Catalán'},1
Isótopos,{'Isotopos'},1
macedónica,{'neutros'},1
Clitoridectomía,{'parentales'},1
Auditoría,{'Auditoria'},6
Indizadores,{'Indicadores'},1
Elite,{'Élite'},1
sinojaponesa,{'sino japonesa'},1
Québec,{'Pedo filia'},5
urdus,{'urdas'},1
Coyolxauhqui,{'Coyolxauhqui'},1
nutricional,{'nutricio'},2
Poliformismo,{'Polimorfismo'},1
XIX,{'Hispano estadounidenses'},38
dietéticos,{'diuréticos'},1
Hopi,{'Hipo'},1
Lam-rim,{'Humanan'},1
motivacional,{'motivación'},1
Durango,{'Durando'},4
Tuxtlas,{'asirio babilónica'},1
ultracortos,{'ultra cortos'},1
Otumba,{'Tumba'},1
Carnitina,{'alabastrita'},1
Teísmo,{'Seísmo'},1
orquestación,{'Hipo'},1
Huicholes,{'Hispano estadounidenses'},1
Citogenética,{'Cito genética'},1
antijudía,{'anti judía'},1
Kirguistán,{'XI'},5
hondureñas,{'honduras'},1
preconstitucional,{'pre constitucional'},1
irano-iraquí,{'rano-iraquí'},1
Indemización,{'Indemnización'},1
Alevismo,{'En'},1
biométrica,{'barométrica'},1
altamar,{'alamar'},1
Oncología,{'Cronología'},1
Taoístas,{'Oboístas'},1
Neokantismo,{'Neo kantismo'},1
Fischer-Tropsch,{'Hipo'},1
Britanos,{'Tamaritanos'},1
señalización,{'especialización'},1
Jiménez,{'Moleros'},1
Hadit,{'Hidrosilicato'},3
Orogenia,{'Encristales'},1
Totatiche,{'nen'},1
futból,{'Auto inmunidad'},1
nouveau,{'Ar'},3
antimonopolio,{'anti monopolio'},2
Tingambato,{'Antropología'},1
Sivaísmo,{'Jadeo-español'},3
Acaya,{'Acalla'},1
Natchez,{'Ali'},1
cancelarias,{'cancelarías'},1
Ontologías,{'Antologías'},1
Litchis,{'auto partes'},1
Algebras,{'Álgebras'},1
Autohipnosis,{'Auto hipnosis'},1
arturianos,{'asturianos'},2
Hypercard,{'Beles'},1
Estencil,{'Estilen'},1
Oligosacáridos,{'Polisacáridos'},1
Glotocronología,{'aíslo'},1
chiapaneca,{'chicanea'},1
Michoacán,{'Mechoacán'},6
Videoarte,{'Video arte'},1
post-traslación,{'pos-traslación'},1
Gaia,{'Gaza'},1
Robótica,{'Humanan'},2
Biorremedación,{'Estridente'},1
Microsoft,{'Micro computadoras'},10
Sintoísmo,{'Pirronismo'},1
Biobibliografía,{'Biografiaría'},2
Biogeoquímica,{'Bioquímica'},2
Partería,{'Artería'},1
Mitraísmo,{'Braman'},1
Cosmocronología,{'Cuartago'},1
Solvatación,{'mono moleculares'},1
Leticia,{'Ali'},1
post-traumático,{'pos-traumático'},1
Oxkutzcab,{'Oxkutzcab'},1
Tlapaneco,{'extra bursátiles'},1
Solentiname,{'Insolentemente'},1
Escuintla,{'Chispas'},1
Hackers,{'Supranacional'},1
users,{'uses'},1
Buraku,{'a'},1
fenoles,{'felones'},1
Etnozoología,{'gubernamental'},1
Chinchona,{'Chincho na'},1
nigeriana,{'Casticismo'},1
Psicofarmacología,{'Parapsicología'},1
Mazahua,{'Humazas'},2
Itzpapalotl,{'Auto cinemas'},2
Striptease,{'Destripase'},1
Estridentismo,{'Estridente'},1
Ruiz,{'Diaspros'},2
Herculano,{'Radiografía'},1
Tarahumaras,{'Tara humaras'},1
Likert,{'Torio'},1
Belarús,{'Pragmatismo'},1
Narcoterrorismo,{'Rumie'},1
Chamanismo,{'Chauvinismo'},1
Hidrología,{'Hache mitas'},3
Interes,{'Interés'},1
Primitivismo,{'Primitivo'},2
Opiliones,{'Opiniones'},1
Epifanismo,{'daltonianos'},1
kula,{'aula'},1
micénico,{'Braman'},1
gángsters,{'Jangada'},1
Nanocristales,{'Encristales'},2
Apaseo,{'Paseo'},2
paramagnética,{'para magnética'},2
petrofábrico,{'Puntualidad'},1
tzeltales,{'saltareles'},1
Ignimbrita,{'Encristales'},1
Pisin,{'Pisan'},1
Capayas,{'Papayas'},1
Microeconomía,{'Micro economía'},1
Tecnólogos,{'Preventiva'},1
enseñaza,{'enseñanza'},1
Chechenia,{'Sanchecia'},1
endógeno,{'emigrantes'},1
interdisciplinario,{'multidisciplinario'},1
Farmacoepidemiología,{'gamo'},1
Xochistlahuaca,{'MAR'},1
Qin,{'In'},2
Antígona,{'Antífona'},3
matsiguenga,{'Esturado'},1
antiglobalización,{'Árabe-Israelí'},1
Farmacocinética,{'transaccionales'},1
védica,{'pila'},1
Ceitil,{'anti judía'},1
Exocitosis,{'Útero'},1
bióticas,{'abióticas'},1
aperiódicos,{'periódicos'},1
Sustentabilidad,{'Magreares'},1
Metepec,{'Catalán'},1
Turbomáquinas,{'Turbo máquinas'},1
syllabi,{'transaccionales'},1
Tuxtla,{'Tapa chula'},1
Etnobotánica,{'anti infecciosos'},1
tántrico-budista,{'tártrico-budista'},1
Sobreproducción,{'Sobre producción'},1
oceanográficos,{'mecanográficos'},1
Juchique,{'Conducticio'},1
Externalidades,{'Exterioridades'},1
Termoterapia,{'Termo terapia'},1
Radioteatro,{'Radio teatro'},1
programació,{'programación'},1
Candalas,{'Candelas'},1
Facoemulsificación,{'ch'},1
Vishnú,{'Orientalismo'},2
Fisiócratas,{'unidimensional'},1
Midrás,{'Miarás'},1
Inanna,{'Inane'},1
Geración,{'Gemación'},1
Kanbun,{'nen'},1
Huichol,{'Hontanal'},1
Biodiversidad,{'Golea'},1
Laplace,{'Aplace'},1
Cronofotografía,{'Crono fotografía'},1
Craneología,{'Necrología'},1
Abancalamiento,{'Abancala miento'},1
heurística,{'eucarística'},1
Chiautla,{'Palpan'},1
Chiconcuac,{'Alquilaras'},1
aeronaútica,{'coles-up'},2
Petra,{'Letra'},1
Copenhague,{'Mimetismo'},1
Siva,{'Diva'},1
Scrambling,{'Auto inmunidad'},1
B,{'A'},1
Eutrofización,{'Eutrofizan'},1
Videojuegos,{'Video juegos'},1
Heterosexismo,{'Loare'},1
gerencial,{'gerencia'},1
Supercuerdas,{'Supercherías'},1
Etnología,{'Etología'},10
Oncocerciasis,{'Concrescencias'},1
Dei,{'De'},1
Papagos,{'Papados'},1
Inmunización,{'Incomunicación'},2
felicista,{'felicita'},1
currícula,{'currículo'},1
Political,{'Politicastro'},1
Zaire,{'Aire'},1
Munda,{'Cunda'},1
Apalache,{'Apapache'},1
Semigrupos,{'NS-DOS'},1
Tizimín,{'Vallado lid'},1
Engel,{'Ángel'},1
recursivas,{'re cursivas'},1
Hexacloroetano,{'mecanográficos'},1
Rumbas,{'Tumbas'},1
Intrumentos,{'Instrumentos'},1
Uadis,{'Disuadir'},1
Dietistas,{'Pietistas'},1
cirílico,{'Toé'},1
Remodelación,{'Remo delación'},2
Youth,{'campa'},1
Yunca,{'Nunca'},2
organometálica,{'Eco etiquetado'},1
mielinizadas,{'melindrizadas'},1
Superredes,{'Superares'},2
Tonalá,{'Tonal'},1
Arabeamericanos,{'Iberoamericanos'},1
Micromecánica,{'Micro mecánica'},1
Falismo,{'Falisco'},1
Cihuacóatl,{'Cihuacóatl'},2
Down,{'Ay-Sachs'},1
Paipai,{'Paipay'},1
monomoleculares,{'mono moleculares'},1
Lacandón,{'Man'},1
Hipsometría,{'Hipermetría'},1
paratiroides,{'para tiroides'},1
termosolar,{'termo solar'},1
Namban,{'Lamban'},2
Visayas,{'Bisayas'},1
Telemercadotecnia,{'Tele mercadotecnia'},2
Hiperbilirrubinemia,{'Termo terapia'},1
Deuteronomio,{'opto electrónicos'},1
Timuríes,{'ir anís'},1
Hemodiálisis,{'Especialización'},1
restauracion,{'Mochilas'},1
preferencial,{'preferencia'},1
Sam,{'Mas'},1
Biomimetismo,{'Mimetismo'},1
bibioteconomía,{'Superares'},1
Cosmología,{'Cosmogonía'},13
Urdemales,{'Urde males'},1
zapoteca,{'zapo teca'},3
Prometeo,{'Promete'},1
Videodiscos,{'Video discos'},1
postmoderna,{'drástica'},2
Remediación,{'Re mediación'},2
Geishas,{'asirio babilónica'},2
Tigrina,{'Gratina'},1
Compostela,{'Compostelana'},1
Bootstrap,{'anti absorción'},1
Virología,{'Álgebras'},1
Aguila,{'Águila'},1
aterosclerótica,{'aterosclerosis'},1
Agramatismo,{'Pragmatismo'},1
Macrosociología,{'Macro sociología'},1
Ordaz,{'Día'},1
Cannabis,{'Cabinas'},1
Linux,{'pegas'},1
globalization,{'globalizan'},1
Bopíridos,{'diuréticos'},1
Multilingüismo,{'Conocida'},1
Mixes,{'Mices'},1
Adolfo,{'Afollado'},2
Albumes,{'Álbumes'},2
técnológicos,{'Garrara'},1
Superconductividad,{'Superconductor'},2
GPSS,{'comunicacionales'},1
Apaxco,{'Nezahualcoyótl'},1
concavas,{'cóncavas'},1
Cogeneración,{'neutral'},1
instruction,{'instructivo'},1
Organos,{'Órganos'},3
aséptica,{'séptica'},1
Multiprogramación,{'Neo escolasticismo'},1
MOOCs,{'Mocos'},1
antinazi,{'anti nazi'},1
inalámbrico,{'sinódica'},1
Maranao,{'Mara nao'},1
Delaware,{'Delatare'},2
Corpora,{'Corporal'},1
Smog,{'Senegal eses'},1
Drogadicción,{'Droga dicción'},2
Colaboracionistas,{'Abolicionistas'},1
Yauhquemecan,{'Yauhquemecan'},1
Querétaro,{'Queré taro'},9
Nuremberg,{'amenorare'},1
Geomicrobiología,{'Teólogos'},1
Extradición,{'Ex tradición'},1
Simpson,{'amenorare'},1
Clientelismo,{'unidimensional'},2
Teologia,{'Teología'},1
Capacitancia,{'Capacitación'},1
Tepetlaoztoc,{'Tepetlaoztoc'},1
Somalia,{'Den'},2
mixtecas,{'mixtificas'},3
Juno,{'Uno'},1
Choctaw,{'Ex culpabilidad'},1
etnológicos,{'etológicos'},1
Uaboi,{'Tara humara'},1
Nisenan,{'Ensenan'},1
Calcetería,{'Calcetera'},1
Area,{'Área'},13
Yawuru,{'Yawuru'},1
amenorrea,{'amenorare'},1
Bibliomanía,{'Australia'},1
Huave,{'Suave'},1
Dakota,{'Cagan'},3
Radioarte,{'Radicarte'},2
Virólogos,{'mesoamericanos'},1
mixtecos,{'LOCOS'},1
Inmunológicos,{'Cronológicos'},1
Montague,{'Montazgue'},1
Usumacinta,{'Carteles'},1
Kamakura,{'Cuerna vaca'},1
Chinanteco,{'Cochinamente'},2
Ecocardiografía,{'Carbonosa'},1
constitucionalista,{'constitucionalismo'},1
Tlapanecos,{'extra bursátiles'},1
Maquiladoras,{'Maquinadoras'},1
Inmaterialismo,{'In materialismo'},1
Ocuilteco,{'librarnos'},1
Muzo,{'Uzo'},1
Bosones,{'Posones'},1
Bisexualidad,{'Sexualidad'},1
Resiliencia,{'Residencial'},4
Seris,{'Peris'},1
Hispanoestadounidenses,{'Hispano estadounidenses'},5
habitat,{'hábitat'},1
Web-based,{'Web-basan'},1
Alepo,{'Apelo'},1
wives,{'Abusan'},1
Oralidad,{'Moralidad'},1
interamericanas,{'norteamericanas'},1
Neovascularización,{'Guadalajareña'},1
secularismo,{'secularizo'},1
Transitividad,{'Intransitividad'},1
Hinojosa,{'Hinojos'},1
dBase,{'d Base'},1
Tipología,{'Apología'},1
Huaves,{'Suaves'},1
taoísta,{'taoísmo'},3
Maoríes,{'neo gótica'},1
Sati,{'Sita'},1
Commedia,{'Comedia'},1
Mutazilíes,{'institucionalmente'},1
Lenguage,{'Lenguaje'},1
Moncada,{'Roncada'},1
Intertextualidad,{'Egocentrismo'},1
Albán,{'Auto conocimiento'},1
Tofu,{'Tufo'},1
Acateco,{'Acate'},1
Huamanga,{'Jacobeo'},1
librarios,{'librarnos'},1
Villagrán,{'Gavillarán'},1
Biomedicina,{'Medicinara'},1
Washington,{'asturianos'},1
Trascendentalismo,{'Transcendentalismo'},1
Farmacognosia,{'Dentirrostros'},1
Hidraúlica,{'Historiales'},1
Futurismo,{'Fu turismo'},2
Etnomusicología,{'Órgano'},1
folklore,{'folclore'},1
metalmecánica,{'metal mecánica'},1
Antiambientalismo,{'Amoniaco'},1
Ofiolitas,{'Anfibolitas'},1
Kamikaze,{'auto partes'},1
OCDE,{'DOCE'},1
Monoteísmo,{'Monoteísta'},1
remistas,{'remostas'},1
Optimización,{'Yaya'},3
Psicodrama,{'unidimensional'},1
Rap,{'Par'},2
Statistics,{'Aticistas'},1
Cholula,{'Cholla'},3
anabólicos,{'diabólicos'},1
BASIC,{'Bacteriófagos'},2
microformas,{'micro formas'},1
Zeus,{'Aztecas'},2
Sabbat,{'jurisprudente'},2
Biofarmacéutica,{'Farmacéutica'},1
Maitreya,{'programación'},1
Polimerización,{'Polarización'},1
Brahmanes,{'Madhyamaka'},1
inmunológicas,{'cronológicas'},1
Profibus,{'barométrica'},1
Risk,{'Risa'},1
sh2006008510,{'sh2006008510'},1
Taiwán,{'ir anís'},2
Otzolotepec,{'Texcocano'},1
Autoadaptación,{'Auto adaptación'},1
reunificacion,{'Sala manca'},1
Tlacuitapa,{'comen'},1
afronorteamericanos,{'norteamericanos'},2
Framework,{'ch'},1
Intel,{'Lintel'},1
Croché,{'Roché'},1
Karate,{'Carate'},1
Afro-americanos,{'Faro-americanos'},3
Bacalo,{'Cabalo'},1
archivísticos,{'emigrantes'},3
Darién,{'Coautora'},1
realimentación,{'re alimentación'},1
Homofobia,{'Inane'},1
Alfaquíes,{'Alfaques'},1
Caucasia,{'Caucasiana'},1
Contreras,{'Conteras'},1
Toxicología,{'Orfo'},10
Tlapacoyan,{'Vera cruz-Llave'},2
Bioingeniería,{'Biografía'},1
Melanesios,{'urda'},1
Numancia,{'Anuncia'},1
Eurasia,{'Neo kantismo'},1
Cheju-do,{'Che ju-do'},1
Criminología,{'Terminología'},1
afrobrasileños,{'brasileños'},1
Acetonemia,{'Aceleró metros'},1
inmunológicos,{'cronológicos'},1
oceanotérmicas,{'caballerías'},1
Neurofarmacología,{'NS-DOS'},1
Zedillo,{'Dedillo'},1
grossi,{'gros si'},1
Bagdad,{'Amoniaco'},1
Paricutín,{'mexicano americana'},1
Putumayo,{'Diaspro'},1
Bildungsroman,{'extra matrimoniales'},1
abelianos,{'sabelianos'},1
Morfofonémica,{'campa'},1
Metaloenzimas,{'Especialización'},1
Tectónica,{'Electrónica'},1
Acolí,{'Acola'},1
Uxoricidio,{'neutros'},1
Viena,{'Siena'},1
Rida,{'Ida'},1
Arteaga,{'Agregarte'},1
Jiquilpan,{'Re utilización'},1
Urología,{'d Base'},1
Androginia,{'Ábaco'},2
chamanes,{'chamasen'},1
Hasidismo,{'Yagan'},1
Americanización,{'Americanizan'},1
optoelectrónicos,{'opto electrónicos'},1
Androcentrismo,{'Antropocentrismo'},1
Tantrismo,{'Tan trismo'},1
geofísicos,{'Hipo'},1
Relacionismo,{'Creacionismo'},1
Perfiladores,{'Perfil adores'},1
keynesiana,{'Micro biólogos'},1
ergativas,{'agregativas'},1
zapoteco,{'zapotero'},1
Enfiteusis,{'Élite'},1
Lagrange,{'iones'},1
Fedaiyines,{'emigrantes'},1
biomásica,{'Déficit'},1
Neuropsiquiatría,{'Isotopos'},1
iNDIOS,{'in Dios'},1
Chreia,{'Chisqueros'},1
Oligopolios,{'Oligopólicos'},1
afrocaribeños,{'brasileños'},1
Peculado,{'Reculado'},1
Yuracares,{'Huracanares'},1
Japonólogos,{'mexicano americanas'},1
Performativo,{'Formativo'},2
learning,{'Tema'},1
Aphidoidea,{'Fidos'},1
Fenomenalismo,{'Monometalismo'},1
Itzá,{'Chinché'},1
Etiología,{'Etología'},1
Autarquía,{'Tarquín'},1
Pame,{'Ame'},1
jesuítica,{'Socio biología'},1
Patagonia,{'Paría'},1
Desmitificación,{'Desmitifican'},1
Tok,{'Cok'},1
puertorriqueñas,{'amenorare'},2
Graffiti,{'Democratizan'},1
Paternalismo,{'Materialismo'},1
interétnico,{'Bluetooth'},1
Jitomates,{'Ji tomates'},1
Formalización,{'Informatización'},2
Beguinas,{'Beduinas'},1
Frankfurt,{'Bacteria'},1
Igbo,{'unidimensional'},1
Fonemática,{'Cinemática'},1
Magallanes,{'Maganeles'},1
ALGOL,{'ALGO'},1
Autoaceptación,{'Auto aceptación'},3
Alur,{'Albur'},1
Oxidos,{'Óxidos'},1
1a,{'a'},1
Melchor,{'Nezahualcoyótl'},1
Rydberg,{'Auditorias'},1
Neuroquímica,{'conducto'},1
Zaragoza,{'Zaragozana'},2
Indólogos,{'Wirikuta'},1
Atlántida,{'Atlántica'},1
Diaspora,{'Diaspro'},1
Etnofilosofía,{'Consecuencia'},1
Huasteco,{'Debele'},1
Huaynos,{'Tejo cote'},1
CAM,{'CAN'},1
hispanoestadounidense,{'hispano estadounidense'},3
internet,{'Internet'},5
Calorimetría,{'Altimetría'},1
Tehuacán,{'Xoxocotlán'},1
Solitones,{'Solicites'},1
isomonodrómica,{'Hipoclorhidrias'},1
Sumie,{'Rumie'},1
políglotas,{'CAN'},1
Tapachula,{'Tapa chula'},1
beliceños,{'belicosos'},1
Reestrenos,{'Reestreno'},1
Montreal,{'neo gótica'},1
mahayana,{'Harma'},1
dermatológicos,{'farmacológicos'},1
Chicoloapan,{'Nezahualcoyótl'},1
Demógrafos,{'Biografía'},1
Aimara,{'Rimara'},1
Postmodernismo,{'Posmodernidad'},3
Huehuetla,{'Eloxochitlán'},1
Cecilias,{'Celias'},1
Tarqui,{'Tarquia'},1
Sociolingüística,{'Socio lingüística'},1
Tiananmen,{'re alimentación'},1
Zapoteco,{'Zapotero'},1
tribus,{'tribu'},1
Tecámac,{'Nezahualcoyótl'},1
Loire,{'Loare'},1
Supersimetría,{'socorrer'},1
transgénicos,{'maza teca'},1
Waraos,{'Saraos'},1
Alquisiras,{'Alquilaras'},1
Coyoacán,{'Mitología'},1
Even,{'Ven'},1
carrancista,{'librancista'},2
Cocoa,{'Cocos'},1
Beat,{'Beta'},2
eurodólares,{'euro dólares'},1
Feminicidio,{'Superares'},1
Harvard,{'Havar'},1
Kúruj,{'Ali'},1
Bayot,{'Bayo'},1
Dalits,{'carismática'},2
Patafísica,{'Pata física'},1
Andrés,{'Par'},1
transculturales,{'esculturales'},1
Africanización,{'Africanizan'},1
TCP,{'TOP'},1
Blogs,{'Bacteria'},1
psicotrópicas,{'psicoterapias'},1
Quarks,{'Útero'},1
Citólogos,{'Mitólogos'},1
Travestismo,{'Travestimos'},1
penutias,{'petunias'},1
autodestructiva,{'auto destructiva'},1
antiinfecciosos,{'anti infecciosos'},1
Populismo,{'Orientalismo'},2
Ipanema,{'Emancipa'},3
Cycadaceae,{'Cambia'},1
judeo-españoles,{'jadeo-españoles'},1
Tainos,{'Zainos'},1
Huiliches,{'reacción'},1
Consecuencialismo,{'Consecuencia'},1
Totem,{'Carteles'},1
Junín,{'Auditoria'},2
Nonlinear,{'Non linear'},1
intergubernamentales,{'gubernamentales'},1
Window,{'LISO'},1
Paraguaná,{'Aguarapará'},1
Felipe,{'Agregarte'},3
intergrupales,{'Parnasiano'},1
paniscus,{'felones'},1
documentario,{'documentarlo'},1
Apercepción,{'Percepción'},1
Waterloo,{'Pi chincha'},1
Tepehua,{'Traviesa'},1
cantoneses,{'centonases'},1
Melanesia,{'Man'},1
Genómica,{'estilográficos'},2
Bonampak,{'Auto conciencia'},1
suahili,{'mexicano americanos'},1
SGML,{'Líticos'},1
Amatepec,{'Alquilaras'},1
Histéresis,{'Eucarística'},1
Finalismo,{'Nominalismo'},1
Psicopedagogía,{'anti monopolio'},1
Mexicoamericanos,{'Mesoamericanos'},1
Chamacocos,{'Chama cocos'},1
Autocuidado,{'Auto cuidado'},1
Botswana,{'Botsuana'},2
Escultorez,{'Escultores'},1
Cheroquis,{'Chisqueros'},1
Trobriand,{'Contratación'},1
Contrafácticos,{'Contractivos'},1
ISO,{'USO'},2
Safaris,{'Farisaico'},1
Psicoterapeuta,{'Psicoterapia'},1
tantrismo,{'tan trismo'},1
Yupa,{'Upa'},1
Bucareli,{'Repito'},1
Citología,{'Mitología'},3
Cuernavaca,{'Cuerna vaca'},1
Planificadoras,{'Planifica doras'},1
Supercomputadoras,{'Computadorizaras'},1
libaneses,{'liban eses'},1
Missing,{'faltan tes'},1
Ciática,{'Ciánica'},1
supercríticos,{'supersticiosos'},1
Epistemología,{'Anemia'},2
tepehuanos,{'pos-exilio'},1
Biometría,{'Alfaques'},2
Biodegradación,{'Tipógrafos'},1
Logoterapia,{'Metaloterapia'},1
Británicoamericanos,{'Británico americanos'},1
Huanímaro,{'Chispas'},1
Yihad,{'Orientalismo'},1
PHP,{'POP'},1
fotovoltaica,{'auto dirigidos'},2
Geoquímica,{'Teólogos'},5
Acelerómetros,{'Aceleró metros'},1
Apaches,{'Apechas'},1
sacroilíaco,{'Lumbo sacro'},1
Descolonización,{'Des colonización'},2
nutrimentales,{'sentimentales'},1
Alergenos,{'Galernos'},1
Manchuria,{'Churriana'},1
profúgos,{'Man'},1
Cuestionamiento,{'Cuestiona miento'},1
English,{'literatura'},1
Fototecas,{'Foto tecas'},1
Mahdismo,{'salmonera'},1
Ngangikurunggurr,{'Ngangikurunggurr'},1
Tlaltecuhtli,{'Molo'},2
Cíbola,{'norteamericanos'},1
Microfinanzas,{'Micro finanzas'},1
Sasánidas,{'Politicastro'},1
Bonpo,{'Bono'},1
pricing,{'Non linear'},1
Cortázar,{'Cortará'},1
Clonación,{'Coronación'},1
Kekchíes,{'Ali'},1
Montecarlo,{'Montarlo'},1
Bioética,{'Bibliotecaria'},1
intersanguíneo,{'Oros'},3
Tlaxiaca,{'Petulante'},1
árabeamericanas,{'árabe americanas'},1
Quattro,{'Límpidos'},1
Nanofotónica,{'Disuadir'},1
Tobelo,{'Tara humara'},2
Acteal,{'Actea'},1
Determinadores,{'De terminadores'},1
Autorrevelación,{'Autor revelación'},1
consultorías,{'consultoras'},1
Hibridación,{'Reculado'},4
chi,{'ch'},1
Topógrafos,{'Tipógrafos'},1
Dharma,{'Harma'},2
Radioisotopos,{'Radio isotopos'},1
Jutlandia,{'Pi chincha'},1
Biorretroalimentación,{'biotecnología'},1
Etnosciencia,{'Consciencia'},1
Judeo-español,{'Jadeo-español'},1
Carotenoides,{'Aracnoides'},1
Pseudociencia,{'Magreares'},1
Kerala,{'Erala'},1
Mesénquima,{'Parlas'},1
Diacríticos,{'Críticos'},1
Vizcaya,{'Porfirizo'},1
rights,{'Internacional'},1
Repatriación,{'Repatrian'},1
Chemehuevi,{'caballerías'},1
Quinceañera,{'Anti héroes'},1
interdisciplinaria,{'multidisciplinaria'},2
Taxonomistas,{'Autonomistas'},1
Zoólogos,{'Soga'},1
Autoconfianza,{'Auto confianza'},1
Individuación,{'Individual'},1
maderista,{'Anón'},1
Matabelelandia,{'Pata física'},1
Teneduría,{'Tejeduría'},1
XX,{'AX'},84
Darwinismo,{'Ábaco'},1
Roldán,{'Roldan'},1
Contracepción,{'Contravención'},2
Cárteles,{'Carteles'},1
Etnopsicología,{'Etología'},1
zapotecas,{'zapo tecas'},2
Sinaloa,{'Ignaciano'},4
Kikapús,{'Kikapús'},1
manteriales,{'materiales'},1
Autocinemas,{'Auto cinemas'},2
Isostasia,{'Anastasia'},1
Iranís,{'Ir anís'},1
Cosío,{'Cosido'},1
Mixtec,{'Chitas'},1
historians,{'historian'},1
Kohoutek,{'Kohoutek'},1
teenagers,{'Overweight'},1
Eyaculación,{'LIGO'},1
Antropólogas,{'Antropófagas'},1
multiusuario,{'programa'},1
Womanism,{'Tele videntes'},1
BRIC,{'BRICE'},1
Fukushima,{'Fukushima'},1
Archivística,{'Roché'},2
Elota,{'Alota'},1
Ayyubíes,{'Zoo geografía'},1
Boulbon,{'Corazones'},1
Mazatecos,{'Mazacotes'},1
Haikai,{'Rabeas'},1
Utero,{'Útero'},1
Men,{'En'},1
Bibliófilos,{'Sala manca'},1
Currícula,{'Currículo'},1
interbancario,{'interiorizar'},1
volumétrico,{'Amarás'},1
Candoshi,{'Tejo cote'},1
etiope,{'África'},1
acídicas,{'acidificas'},1
Srivijaya,{'Rwanda'},1
Chichimeco-jonaz,{'Chichimeco-jijona'},1
Lévy,{'Cripta-cristianos'},1
Sinaí,{'Brazaletes'},1
Inalámbrica,{'De forestación'},1
Implementos,{'Implemento'},1
Boyacá,{'Pi chincha'},1
Fotoperiodismo,{'Foto periodismo'},1
Tomistas,{'Gomistas'},1
isométrica,{'termométrica'},1
women,{'comen'},1
Gortari,{'Gorrista'},1
Shingnon,{'Rwanda'},1
mixe,{'mire'},1
Yuma,{'Suma'},2
Instrumentalismo,{'Instrumentalmente'},1
Ojibwa,{'caballerías'},1
Horología,{'Homología'},1
Euclides,{'Elucides'},1
Superyo,{'Superyó'},1
Anáfora,{'Aforan'},1
